name_kr,ticker,industry_kr,market
동화약품,000020,제약,KOSPI
KR모터스,000040,자동차,KOSPI
경방,000050,"섬유,의류,신발,호화품",KOSPI
삼양홀딩스,000070,화학,KOSPI
하이트진로,000080,음료,KOSPI
유한양행,000100,제약,KOSPI
CJ대한통운,000120,항공화물운송과물류,KOSPI
하이트진로홀딩스,000140,음료,KOSPI
두산,000150,복합기업,KOSPI
성창기업지주,000180,종이와목재,KOSPI
덕양에너젠,0001A0,석유와가스,KOSDAQ
DL,000210,화학,KOSPI
유유제약,000220,제약,KOSPI
일동홀딩스,000230,제약,KOSPI
한국앤컴퍼니,000240,자동차부품,KOSPI
삼천당제약,000250,제약,KOSDAQ
기아,000270,자동차,KOSPI
DH오토넥스,000300,자동차부품,KOSPI
노루홀딩스,000320,건축자재,KOSPI
한화손해보험,000370,손해보험,KOSPI
SP삼화,000390,건축자재,KOSPI
롯데손해보험,000400,손해보험,KOSPI
대원강업,000430,자동차부품,KOSPI
중앙에너비스,000440,석유와가스,KOSDAQ
CR홀딩스,000480,비철금속,KOSPI
대동,000490,기계,KOSPI
엔비알모션,0004V0,기계,KOSDAQ
가온전선,000500,전기장비,KOSPI
삼일제약,000520,제약,KOSPI
흥국화재,000540,손해보험,KOSPI
CS홀딩스,000590,철강,KOSPI
동아쏘시오홀딩스,000640,제약,KOSPI
천일고속,000650,도로와철도운송,KOSPI
SK하이닉스,000660,반도체와반도체장비,KOSPI
영풍,000670,핸드셋,KOSPI
LS네트웍스,000680,증권,KOSPI
유수홀딩스,000700,항공화물운송과물류,KOSPI
현대건설,000720,건설,KOSPI
이화산업,000760,화학,KOSPI
아크릴,0007C0,IT서비스,KOSDAQ
인벤테라,0007J0,제약,KOSDAQ
삼성화재,000810,손해보험,KOSPI
화천기공,000850,기계,KOSPI
강남제비스코,000860,건축자재,KOSPI
한화,000880,복합기업,KOSPI
보해양조,000890,음료,KOSPI
에스엔시스,0008Z0,조선,KOSDAQ
유니온,000910,건축자재,KOSPI
전방,000950,"섬유,의류,신발,호화품",KOSPI
한국주철관,000970,철강,KOSPI
DB하이텍,000990,반도체와반도체장비,KOSPI
에임드바이오,0009K0,생물공학,KOSDAQ
신라섬유,001000,부동산,KOSDAQ
페이퍼코리아,001020,종이와목재,KOSPI
CJ,001040,복합기업,KOSPI
CJ4우(전환),00104K,복합기업,KOSPI
JW중외제약,001060,제약,KOSPI
대한방직,001070,"섬유,의류,신발,호화품",KOSPI
만호제강,001080,철강,KOSPI
보원케미칼,0010F0,화학,KOSDAQ
제이피아이헬스케어,0010V0,건강관리장비와용품,KOSDAQ
LX인터내셔널,001120,무역회사와판매업체,KOSPI
대한제분,001130,식품,KOSPI
액스비스,0011A0,전자장비와기기,KOSDAQ
채비,0011T0,전기제품,KOSDAQ
유진투자증권,001200,증권,KOSPI
금호전기,001210,디스플레이장비및부품,KOSPI
동국홀딩스,001230,철강,KOSPI
GS글로벌,001250,무역회사와판매업체,KOSPI
남광토건,001260,건설,KOSPI
부국증권,001270,증권,KOSPI
상상인증권,001290,증권,KOSPI
PKC,001340,화학,KOSPI
삼성제약,001360,제약,KOSPI
SG글로벌,001380,자동차부품,KOSPI
KG케미칼,001390,자동차,KOSPI
삼진식품,0013V0,식품,KOSDAQ
태원물산,001420,자동차부품,KOSPI
세아베스틸지주,001430,철강,KOSPI
대한전선,001440,전기장비,KOSPI
현대해상,001450,손해보험,KOSPI
BYC,001460,"섬유,의류,신발,호화품",KOSPI
삼부토건,001470,건설,KOSPI
현대차증권,001500,증권,KOSPI
SK증권,001510,증권,KOSPI
동양,001520,건축자재,KOSPI
DI동일,001530,"섬유,의류,신발,호화품",KOSPI
안국약품,001540,제약,KOSDAQ
조비,001550,화학,KOSPI
제일연마,001560,비철금속,KOSPI
금양,001570,화학,KOSPI
그린광학,0015G0,우주항공과국방,KOSDAQ
아로마티카,0015N0,화장품,KOSDAQ
페스카로,0015S0,자동차부품,KOSDAQ
케이비아이동국실업,001620,자동차부품,KOSPI
종근당홀딩스,001630,제약,KOSPI
대상,001680,식품,KOSPI
신영증권,001720,증권,KOSPI
SK네트웍스,001740,복합기업,KOSPI
한양증권,001750,증권,KOSPI
SHD,001770,철강,KOSPI
알루코,001780,비철금속,KOSPI
대한제당,001790,식품,KOSPI
세미티에스,0017J0,반도체와반도체장비,KOSDAQ
오리온홀딩스,001800,식품,KOSPI
무림SP,001810,종이와목재,KOSDAQ
삼화콘덴서,001820,전기제품,KOSPI
이화공영,001840,건설,KOSDAQ
KISCO홀딩스,001940,철강,KOSPI
코오롱,002020,복합기업,KOSPI
아세아,002030,건축자재,KOSPI
비비안,002070,"섬유,의류,신발,호화품",KOSPI
경농,002100,화학,KOSPI
고려산업,002140,식품,KOSPI
도화엔지니어링,002150,건설,KOSPI
SYTS,002170,"섬유,의류,신발,호화품",KOSPI
한국수출포장,002200,포장재,KOSPI
동성제약,002210,제약,KOSPI
한일철강,002220,철강,KOSPI
피에스텍,002230,전기제품,KOSDAQ
고려제강,002240,철강,KOSPI
삼일기업공사,002290,건설,KOSDAQ
아세아제지,002310,포장재,KOSPI
한진,002320,항공화물운송과물류,KOSPI
넥센타이어,002350,자동차부품,KOSPI
SH에너지화학,002360,화학,KOSPI
KCC,002380,건축자재,KOSPI
한독,002390,제약,KOSPI
범양건영,002410,건설,KOSPI
세기상사,002420,석유와가스,KOSPI
삼익악기,002450,레저용장비와제품,KOSPI
HS화성,002460,건설,KOSPI
조흥,002600,식품,KOSPI
제일파마홀딩스,002620,제약,KOSPI
오리엔트바이오,002630,생물공학,KOSPI
한탑,002680,식품,KOSDAQ
동일제강,002690,철강,KOSPI
신일전자,002700,가정용기기와용품,KOSPI
TCC스틸,002710,철강,KOSPI
국제약품,002720,제약,KOSPI
보락,002760,식품,KOSPI
진흥기업,002780,건설,KOSPI
아모레퍼시픽홀딩스,002790,화장품,KOSPI
신신제약,002800,제약,KOSDAQ
삼영무역,002810,화학,KOSPI
SUN&L,002820,종이와목재,KOSPI
미원상사,002840,화학,KOSPI
신풍,002870,포장재,KOSPI
디와이에이,002880,자동차부품,KOSPI
TYM,002900,기계,KOSPI
유성기업,002920,자동차부품,KOSPI
한국쉘석유,002960,화학,KOSPI
금호건설,002990,건설,KOSPI
부광약품,003000,제약,KOSPI
혜인,003010,기계,KOSPI
세아제강지주,003030,철강,KOSPI
에이프로젠바이오로직스,003060,제약,KOSPI
코오롱글로벌,003070,건설,KOSPI
SB성보,003080,화학,KOSPI
대웅,003090,제약,KOSPI
대신밸류리츠,0030R0,부동산,KOSPI
선광,003100,운송인프라,KOSDAQ
일성아이에스,003120,제약,KOSPI
디아이,003160,반도체와반도체장비,KOSPI
일신방직,003200,"섬유,의류,신발,호화품",KOSPI
대원제약,003220,제약,KOSPI
삼양식품,003230,식품,KOSPI
태광산업,003240,화학,KOSPI
흥아해운,003280,해운사,KOSPI
한일홀딩스,003300,건축자재,KOSPI
대주산업,003310,식품,KOSDAQ
한국화장품제조,003350,화장품,KOSPI
하림지주,003380,식품,KOSDAQ
유화증권,003460,증권,KOSPI
유안타증권,003470,증권,KOSPI
한진중공업홀딩스,003480,가스유틸리티,KOSPI
대한항공,003490,항공사,KOSPI
영진약품,003520,제약,KOSPI
한화투자증권,003530,증권,KOSPI
대신증권,003540,증권,KOSPI
LG,003550,복합기업,KOSPI
SNT다이내믹스,003570,자동차부품,KOSPI
HLB글로벌,003580,판매업체,KOSPI
방림,003610,"섬유,의류,신발,호화품",KOSPI
KG모빌리티,003620,자동차,KOSPI
미창석유,003650,화학,KOSPI
포스코퓨처엠,003670,화학,KOSPI
한성기업,003680,식품,KOSPI
코리안리,003690,손해보험,KOSPI
삼영,003720,화학,KOSPI
진양산업,003780,화학,KOSPI
에이스침대,003800,가구,KOSDAQ
대한화섬,003830,화학,KOSPI
보령,003850,제약,KOSPI
남양유업,003920,식품,KOSPI
사조대림,003960,식품,KOSPI
롯데정밀화학,004000,화학,KOSPI
현대제철,004020,철강,KOSPI
SG세계물산,004060,"섬유,의류,신발,호화품",KOSPI
신흥,004080,건강관리장비와용품,KOSPI
한국석유,004090,화학,KOSPI
태양금속,004100,자동차부품,KOSPI
동방,004140,항공화물운송과물류,KOSPI
한솔홀딩스,004150,복합기업,KOSPI
신세계,004170,백화점과일반상점,KOSPI
NPC,004250,포장재,KOSPI
남성,004270,전자장비와기기,KOSPI
현대약품,004310,제약,KOSPI
세방,004360,항공화물운송과물류,KOSPI
농심,004370,식품,KOSPI
삼익THK,004380,기계,KOSPI
서울식품,004410,식품,KOSPI
송원산업,004430,화학,KOSPI
삼일씨엔에스,004440,건축자재,KOSPI
삼화왕관,004450,포장재,KOSPI
세방전지,004490,자동차부품,KOSPI
깨끗한나라,004540,종이와목재,KOSPI
현대비앤지스틸,004560,비철금속,KOSPI
한국가구,004590,식품과기본식료품소매,KOSDAQ
창해에탄올,004650,음료,KOSDAQ
삼천리,004690,가스유틸리티,KOSPI
조광피혁,004700,"섬유,의류,신발,호화품",KOSPI
한솔테크닉스,004710,전자장비와기기,KOSPI
팜젠사이언스,004720,제약,KOSPI
써니전자,004770,전자장비와기기,KOSPI
대륙제관,004780,포장재,KOSDAQ
효성,004800,복합기업,KOSPI
덕성,004830,"섬유,의류,신발,호화품",KOSPI
DRB동일,004840,화학,KOSPI
티웨이홀딩스,004870,건축자재,KOSPI
동일산업,004890,철강,KOSPI
조광페인트,004910,건축자재,KOSPI
씨아이테크,004920,컴퓨터와주변기기,KOSPI
한신공영,004960,건설,KOSPI
신라교역,004970,식품,KOSPI
성신양회,004980,건축자재,KOSPI
롯데지주,004990,복합기업,KOSPI
휴스틸,005010,철강,KOSPI
부산주공,005030,자동차부품,KOSPI
코스모신소재,005070,화학,KOSPI
SGC에너지,005090,에너지장비및서비스,KOSPI
한창,005110,부동산,KOSPI
동국산업,005160,철강,KOSDAQ
빙그레,005180,식품,KOSPI
녹십자홀딩스,005250,제약,KOSPI
동진쎄미켐,005290,반도체와반도체장비,KOSDAQ
롯데칠성,005300,음료,KOSPI
온타이드,005320,"섬유,의류,신발,호화품",KOSPI
모나미,005360,문구류,KOSPI
현대차,005380,자동차,KOSPI
코스모화학,005420,화학,KOSPI
한국공항,005430,운송인프라,KOSPI
현대지에프홀딩스,005440,복합기업,KOSPI
POSCO홀딩스,005490,철강,KOSPI
삼진제약,005500,제약,KOSPI
삼립,005610,식품,KOSPI
푸드웰,005670,식품,KOSDAQ
삼영전자,005680,전기제품,KOSPI
파미셀,005690,화학,KOSPI
대원산업,005710,자동차부품,KOSDAQ
넥센,005720,자동차부품,KOSPI
크라운해태홀딩스,005740,식품,KOSPI
대림바스,005750,건축제품,KOSPI
신영와코루,005800,"섬유,의류,신발,호화품",KOSPI
풍산홀딩스,005810,비철금속,KOSPI
원림,005820,포장재,KOSPI
DB손해보험,005830,손해보험,KOSPI
에스엘,005850,자동차부품,KOSPI
한일사료,005860,식품,KOSDAQ
휴니드,005870,우주항공과국방,KOSPI
대한해운,005880,해운사,KOSPI
삼성전자,005930,반도체와반도체장비,KOSPI
NH투자증권,005940,증권,KOSPI
이수화학,005950,화학,KOSPI
동부건설,005960,건설,KOSPI
매일홀딩스,005990,식품,KOSDAQ
동원산업,006040,식품,KOSPI
국영지앤엠,006050,건축제품,KOSDAQ
화승인더,006060,"섬유,의류,신발,호화품",KOSPI
사조오양,006090,식품,KOSPI
삼아알미늄,006110,비철금속,KOSPI
SK디스커버리,006120,석유와가스,KOSPI
피제이전자,006140,건강관리장비와용품,KOSDAQ
한국전자홀딩스,006200,반도체와반도체장비,KOSPI
제주은행,006220,은행,KOSPI
LS,006260,전기장비,KOSPI
녹십자,006280,제약,KOSPI
대원전선,006340,전기장비,KOSPI
GS건설,006360,건설,KOSPI
대구백화점,006370,백화점과일반상점,KOSPI
카프로,006380,화학,KOSPI
삼성SDI,006400,전기제품,KOSPI
프리티,006490,무선통신서비스,KOSPI
대림통상,006570,건축제품,KOSPI
동구바이오제약,006620,제약,KOSDAQ
대한유화,006650,화학,KOSPI
삼성공조,006660,자동차부품,KOSPI
서부T&D,006730,"호텔,레스토랑,레저",KOSDAQ
블루산업개발,006740,종이와목재,KOSPI
미래에셋증권,006800,증권,KOSPI
AK홀딩스,006840,화학,KOSPI
신송홀딩스,006880,식품과기본식료품소매,KOSPI
태경케미컬,006890,화학,KOSPI
보성파워텍,006910,전기장비,KOSDAQ
모헨즈,006920,건축자재,KOSDAQ
우성,006980,식품,KOSPI
GS리테일,007070,백화점과일반상점,KOSPI
일신석재,007110,건축자재,KOSPI
미래아이앤지,007120,IT서비스,KOSPI
사조산업,007160,식품,KOSPI
벽산,007210,건축자재,KOSPI
한국특강,007280,철강,KOSPI
오뚜기,007310,식품,KOSPI
푸른저축은행,007330,기타금융,KOSDAQ
DN오토모티브,007340,자동차부품,KOSPI
진양제약,007370,제약,KOSDAQ
네이처셀,007390,생물공학,KOSDAQ
에이프로젠,007460,제약,KOSPI
와이엠,007530,자동차부품,KOSDAQ
샘표,007540,식품,KOSPI
일양약품,007570,제약,KOSPI
동방아그로,007590,화학,KOSPI
선도전기,007610,전기장비,KOSPI
이수페타시스,007660,반도체와반도체장비,KOSPI
대원,007680,건설,KOSDAQ
국도화학,007690,화학,KOSPI
F&F홀딩스,007700,"섬유,의류,신발,호화품",KOSPI
소노스퀘어,007720,판매업체,KOSDAQ
한일화학,007770,화학,KOSDAQ
코리아써키트,007810,전자장비와기기,KOSPI
엠엑스로보틱스,007820,기계,KOSDAQ
서연,007860,자동차부품,KOSPI
TP,007980,"섬유,의류,신발,호화품",KOSPI
사조동아원,008040,식품,KOSPI
대덕,008060,전자장비와기기,KOSPI
이건산업,008250,건축자재,KOSPI
NI스틸,008260,건축자재,KOSPI
원풍물산,008290,"섬유,의류,신발,호화품",KOSDAQ
카나프테라퓨틱스,0082N0,제약,KOSDAQ
남선알미늄,008350,비철금속,KOSPI
원풍,008370,화학,KOSDAQ
문배철강,008420,철강,KOSPI
부스타,008470,기계,KOSDAQ
서흥,008490,제약,KOSPI
일정실업,008500,자동차부품,KOSPI
윌비스,008600,"섬유,의류,신발,호화품",KOSPI
아남전자,008700,전자제품,KOSPI
율촌화학,008730,포장재,KOSPI
호텔신라,008770,백화점과일반상점,KOSPI
대동기어,008830,기계,KOSDAQ
금비,008870,포장재,KOSPI
메쥬,0088M0,건강관리장비와용품,KOSDAQ
한미사이언스,008930,제약,KOSPI
KBI동양철관,008970,철강,KOSPI
KCTC,009070,항공화물운송과물류,KOSPI
경인전자,009140,전자제품,KOSPI
삼성전기,009150,전자장비와기기,KOSPI
SIMPAC,009160,비철금속,KOSPI
한솔로지스틱스,009180,항공화물운송과물류,KOSPI
대양금속,009190,철강,KOSPI
무림페이퍼,009200,종이와목재,KOSPI
한샘,009240,가구,KOSPI
신원,009270,"섬유,의류,신발,호화품",KOSPI
광동제약,009290,제약,KOSPI
삼아제약,009300,제약,KOSDAQ
참엔지니어링,009310,디스플레이장비및부품,KOSPI
아진전자부품,009320,자동차부품,KOSPI
태영건설,009410,건설,KOSPI
한올바이오파마,009420,제약,KOSPI
KC그린홀딩스,009440,상업서비스와공급품,KOSPI
경동나비엔,009450,가정용기기와용품,KOSPI
한창제지,009460,포장재,KOSPI
삼화전기,009470,전기제품,KOSPI
포스코엠텍,009520,철강,KOSDAQ
HD한국조선해양,009540,조선,KOSPI
무림P&P,009580,종이와목재,KOSPI
삼보산업,009620,비철금속,KOSDAQ
모토닉,009680,자동차부품,KOSPI
이렘,009730,비철금속,KOSDAQ
삼정펄프,009770,가정용품,KOSPI
엠에스씨,009780,식품,KOSDAQ
플레이그램,009810,판매업체,KOSPI
한화솔루션,009830,에너지장비및서비스,KOSPI
명신산업,009900,자동차부품,KOSPI
영원무역홀딩스,009970,"섬유,의류,신발,호화품",KOSPI
한국내화,010040,비철금속,KOSPI
OCI홀딩스,010060,화학,KOSPI
한국무브넥스,010100,자동차부품,KOSPI
LS ELECTRIC,010120,전기장비,KOSPI
고려아연,010130,비철금속,KOSPI
삼성중공업,010140,조선,KOSPI
대한광통신,010170,통신장비,KOSDAQ
흥국,010240,기계,KOSDAQ
아이티센엔텍,010280,IT서비스,KOSDAQ
우진아이엔에스,010400,건설,KOSPI
오리콤,010470,광고,KOSDAQ
에스엠벡셀,010580,자동차부품,KOSPI
진양폴리,010640,화학,KOSPI
화천기계,010660,기계,KOSPI
화신,010690,자동차부품,KOSPI
대신 KOSPI200인덱스 X클래스,0106J0,기타,KOSPI
평화홀딩스,010770,자동차부품,KOSPI
아이에스동서,010780,건설,KOSPI
퍼스텍,010820,우주항공과국방,KOSPI
S-Oil,010950,석유와가스,KOSPI
삼호개발,010960,건설,KOSPI
진원생명과학,011000,생물공학,KOSPI
경동제약,011040,제약,KOSDAQ
LG이노텍,011070,전자장비와기기,KOSPI
형지I&C,011080,"섬유,의류,신발,호화품",KOSDAQ
에넥스,011090,가구,KOSPI
CJ씨푸드,011150,식품,KOSPI
롯데케미칼,011170,화학,KOSPI
HMM,011200,해운사,KOSPI
현대위아,011210,자동차부품,KOSPI
삼화전자,011230,전자장비와기기,KOSPI
태림포장,011280,포장재,KOSPI
우성머티리얼스,011300,"섬유,의류,신발,호화품",KOSPI
유니크,011320,자동차부품,KOSDAQ
유니켐,011330,자동차부품,KOSPI
서한,011370,건설,KOSDAQ
부산산업,011390,건축자재,KOSPI
갤럭시아에스엠,011420,레저용장비와제품,KOSPI
한농화성,011500,화학,KOSPI
세보엠이씨,011560,건설,KOSDAQ
와이투솔루션,011690,전자장비와기기,KOSPI
한신기계,011700,기계,KOSPI
현대코퍼레이션,011760,무역회사와판매업체,KOSPI
금호석유화학,011780,화학,KOSPI
SKC,011790,화학,KOSPI
피스피스스튜디오,0117P0,"섬유,의류,신발,호화품",KOSDAQ
STX,011810,무역회사와판매업체,KOSPI
신성이엔지,011930,반도체와반도체장비,KOSPI
DB,012030,IT서비스,KOSPI
삼양바이오팜,0120G0,건강관리장비와용품,KOSPI
유진 챔피언중단기크레딧 X클래스,0120X0,기타,KOSPI
영흥,012160,철강,KOSPI
아센디오,012170,방송과엔터테인먼트,KOSPI
계양전기,012200,자동차부품,KOSPI
삼미금속,012210,기계,KOSDAQ
영화금속,012280,자동차부품,KOSPI
경동인베스트,012320,비철금속,KOSPI
현대모비스,012330,자동차부품,KOSPI
뉴인텍,012340,전기제품,KOSDAQ
한화에어로스페이스,012450,우주항공과국방,KOSPI
더존비즈온,012510,소프트웨어,KOSPI
경인양행,012610,화학,KOSPI
원일특강,012620,철강,KOSDAQ
HDC,012630,건설,KOSPI
모나리자,012690,가정용품,KOSPI
삼성에피스홀딩스,0126Z0,제약,KOSPI
리드코프,012700,석유와가스,KOSDAQ
에스원,012750,상업서비스와공급품,KOSPI
신일제약,012790,제약,KOSDAQ
대창,012800,비철금속,KOSPI
모베이스전자,012860,자동차부품,KOSDAQ
세우글로벌,013000,화학,KOSPI
하이록코리아,013030,기계,KOSDAQ
동원개발,013120,건설,KOSDAQ
아진산업,013310,자동차부품,KOSDAQ
일성건설,013360,건설,KOSPI
화승코퍼레이션,013520,자동차부품,KOSPI
디와이,013570,자동차부품,KOSPI
계룡건설,013580,건설,KOSPI
까뮤이앤씨,013700,건설,KOSPI
THE CUBE&,013720,자동차부품,KOSDAQ
스페코,013810,기계,KOSDAQ
지엠비코리아,013870,자동차부품,KOSPI
지누스,013890,가구,KOSPI
아가방컴퍼니,013990,"섬유,의류,신발,호화품",KOSDAQ
메디앙스,014100,화장품,KOSDAQ
한익스프레스,014130,항공화물운송과물류,KOSPI
대영포장,014160,포장재,KOSPI
원익큐브,014190,화학,KOSDAQ
금강공업,014280,건축제품,KOSPI
영보화학,014440,화학,KOSPI
부방,014470,가정용기기와용품,KOSDAQ
극동유화,014530,석유와가스,KOSPI
고려제약,014570,제약,KOSDAQ
태경비케이,014580,비철금속,KOSPI
성광벤드,014620,기계,KOSDAQ
한솔케미칼,014680,화학,KOSPI
사조씨푸드,014710,식품,KOSPI
HL D&I,014790,건설,KOSPI
동원시스템즈,014820,포장재,KOSPI
유니드,014830,화학,KOSPI
성문전자,014910,전기제품,KOSPI
오리엔탈정공,014940,조선,KOSDAQ
삼익제약,014950,제약,KOSDAQ
삼륭물산,014970,포장재,KOSDAQ
인디에프,014990,"섬유,의류,신발,호화품",KOSPI
이스타코,015020,부동산,KOSPI
대창단조,015230,기계,KOSPI
에이엔피,015260,전자장비와기기,KOSPI
INVENI,015360,가스유틸리티,KOSPI
DKME,015590,기계,KOSPI
코콤,015710,통신장비,KOSDAQ
성우하이텍,015750,자동차부품,KOSDAQ
한국전력,015760,전기유틸리티,KOSPI
일진홀딩스,015860,전기장비,KOSPI
태경산업,015890,비철금속,KOSPI
대현,016090,"섬유,의류,신발,호화품",KOSPI
리더스코스메틱,016100,포장재,KOSDAQ
SGC E&C,016250,건설,KOSDAQ
삼성증권,016360,증권,KOSPI
KG스틸,016380,철강,KOSPI
한세예스24홀딩스,016450,"섬유,의류,신발,호화품",KOSPI
환인제약,016580,제약,KOSPI
신대양제지,016590,포장재,KOSPI
큐캐피탈,016600,창업투자,KOSDAQ
DB증권,016610,증권,KOSPI
디모아,016670,소프트웨어,KOSDAQ
대성홀딩스,016710,가스유틸리티,KOSPI
두올,016740,자동차부품,KOSPI
현대사료,016790,식품,KOSDAQ
퍼시스,016800,가구,KOSPI
웅진,016880,출판,KOSPI
카스,016920,전자장비와기기,KOSDAQ
신원종합개발,017000,건설,KOSDAQ
광명전기,017040,전기장비,KOSPI
명문제약,017180,제약,KOSPI
인터엠,017250,전자장비와기기,KOSDAQ
우신시스템,017370,자동차부품,KOSPI
서울가스,017390,가스유틸리티,KOSPI
삼현철강,017480,철강,KOSDAQ
세명전기,017510,전기장비,KOSDAQ
수산세보틱스,017550,기계,KOSPI
대림제지,017650,포장재,KOSDAQ
SK텔레콤,017670,무선통신서비스,KOSPI
현대엘리베이터,017800,기계,KOSPI
풀무원,017810,식품,KOSPI
DS단석,017860,화학,KOSPI
한국알콜,017890,화학,KOSDAQ
광전자,017900,전자장비와기기,KOSPI
E1,017940,가스유틸리티,KOSPI
한국카본,017960,조선,KOSPI
유니슨,018000,에너지장비및서비스,KOSDAQ
진로발효,018120,음료,KOSDAQ
애경산업,018250,화장품,KOSPI
삼성에스디에스,018260,IT서비스,KOSPI
브이티,018290,화장품,KOSDAQ
삼목에스폼,018310,건축제품,KOSDAQ
조일알미늄,018470,비철금속,KOSPI
동원금속,018500,자동차부품,KOSPI
우진비앤지,018620,제약,KOSDAQ
SK가스,018670,가스유틸리티,KOSPI
서울제약,018680,제약,KOSDAQ
졸스,018700,화장품,KOSDAQ
한온시스템,018880,자동차부품,KOSPI
베뉴지,019010,"호텔,레스토랑,레저",KOSDAQ
신풍제약,019170,제약,KOSPI
티에이치엔,019180,자동차부품,KOSPI
와이지-원,019210,기계,KOSDAQ
엑시큐어하이트론,019490,통신장비,KOSPI
일지테크,019540,자동차부품,KOSDAQ
SBI인베스트먼트,019550,창업투자,KOSDAQ
플루토스,019570,창업투자,KOSDAQ
글로본,019660,판매업체,KOSDAQ
대교,019680,교육서비스,KOSPI
서연탑메탈,019770,자동차부품,KOSDAQ
에너토크,019990,기계,KOSDAQ
한섬,020000,"섬유,의류,신발,호화품",KOSPI
키다리스튜디오,020120,양방향미디어와서비스,KOSPI
롯데에너지머티리얼즈,020150,전자장비와기기,KOSPI
대신정보통신,020180,IT서비스,KOSDAQ
대동금속,020400,자동차부품,KOSDAQ
아시아나항공,020560,항공사,KOSPI
시공테크,020710,"호텔,레스토랑,레저",KOSDAQ
일진디스플,020760,디스플레이패널,KOSPI
대호특수강,021040,철강,KOSDAQ
서원,021050,비철금속,KOSPI
에이티넘인베스트,021080,창업투자,KOSDAQ
코웨이,021240,가정용기기와용품,KOSPI
KCC건설,021320,건설,KOSDAQ
한국큐빅,021650,자동차부품,KOSDAQ
세원정공,021820,자동차부품,KOSPI
메이슨캐피탈,021880,기타금융,KOSDAQ
포스코DX,022100,IT서비스,KOSPI
티케이지애강,022220,건축제품,KOSDAQ
삼원강재,023000,자동차부품,KOSPI
MH에탄올,023150,음료,KOSPI
태광,023160,기계,KOSDAQ
한국종합기술,023350,건설,KOSPI
유진기업,023410,건축자재,KOSDAQ
제이스코홀딩스,023440,철강,KOSDAQ
동남합성,023450,화학,KOSPI
롯데쇼핑,023530,백화점과일반상점,KOSPI
다우기술,023590,증권,KOSPI
삼보판지,023600,포장재,KOSDAQ
한국캐피탈,023760,기타금융,KOSDAQ
플레이위드,023770,게임엔터테인먼트,KOSDAQ
동일스틸럭스,023790,철강,KOSDAQ
인지컨트롤스,023800,자동차부품,KOSPI
인팩,023810,자동차부품,KOSPI
풍국주정,023900,화학,KOSDAQ
대한약품,023910,제약,KOSDAQ
에쓰씨엔지니어링,023960,건설,KOSPI
흥구석유,024060,석유와가스,KOSDAQ
WISCOM,024070,화학,KOSPI
디씨엠,024090,비철금속,KOSPI
기업은행,024110,은행,KOSPI
KB오토시스,024120,자동차부품,KOSDAQ
콜마홀딩스,024720,화장품,KOSPI
한일단조,024740,자동차부품,KOSDAQ
유성티엔에스,024800,도로와철도운송,KOSDAQ
세원물산,024830,자동차부품,KOSDAQ
KBI메탈,024840,전기장비,KOSDAQ
HLB이노베이션,024850,반도체와반도체장비,KOSDAQ
케이피에프,024880,기계,KOSDAQ
대원화성,024890,"섬유,의류,신발,호화품",KOSPI
디와이덕양,024900,자동차부품,KOSPI
경창산업,024910,자동차부품,KOSDAQ
PN풍년,024940,가정용기기와용품,KOSDAQ
삼천리자전거,024950,레저용장비와제품,KOSDAQ
KPX케미칼,025000,화학,KOSPI
시노펙스,025320,핸드셋,KOSDAQ
DH오토웨어,025440,자동차부품,KOSDAQ
SJM홀딩스,025530,자동차부품,KOSPI
한국단자,025540,자동차부품,KOSPI
한국선재,025550,철강,KOSDAQ
미래산업,025560,반도체와반도체장비,KOSPI
차AI헬스케어,025620,화장품,KOSPI
한솔홈데코,025750,건축자재,KOSPI
한국정보통신,025770,IT서비스,KOSDAQ
이구산업,025820,비철금속,KOSPI
남해화학,025860,화학,KOSPI
신라에스지,025870,식품,KOSDAQ
케이씨피드,025880,식품,KOSDAQ
한국주강,025890,철강,KOSPI
동화기업,025900,건축자재,KOSDAQ
동신건설,025950,건설,KOSDAQ
아난티,025980,"호텔,레스토랑,레저",KOSDAQ
제이에스티나,026040,"섬유,의류,신발,호화품",KOSDAQ
특수건설,026150,건설,KOSDAQ
스틱인베스트먼트,026890,창업투자,KOSPI
광진실업,026910,철강,KOSDAQ
부국철강,026940,철강,KOSPI
동서,026960,식품,KOSPI
서울전자통신,027040,전자장비와기기,KOSDAQ
코리아나,027050,화장품,KOSDAQ
아주IB투자,027360,창업투자,KOSDAQ
BGF,027410,화학,KOSPI
상보,027580,화학,KOSDAQ
팜스토리,027710,식품,KOSDAQ
마니커,027740,식품,KOSPI
대성창투,027830,창업투자,KOSDAQ
한국제지,027970,종이와목재,KOSPI
삼성E&A,028050,건설,KOSPI
휴맥스홀딩스,028080,전자제품,KOSDAQ
동아지질,028100,건설,KOSPI
삼성물산,028260,복합기업,KOSPI
HLB,028300,건강관리장비와용품,KOSDAQ
팬오션,028670,해운사,KOSPI
케이씨,029460,반도체와반도체장비,KOSPI
광무,029480,IT서비스,KOSDAQ
신도리코,029530,사무용전자제품,KOSPI
삼성카드,029780,카드,KOSPI
제일기획,030000,광고,KOSPI
NICE평가정보,030190,상업서비스와공급품,KOSPI
KT,030200,다각화된통신서비스,KOSPI
다올투자증권,030210,증권,KOSPI
드래곤플라이,030350,게임엔터테인먼트,KOSDAQ
한글과컴퓨터,030520,소프트웨어,KOSDAQ
원익홀딩스,030530,반도체와반도체장비,KOSDAQ
교보증권,030610,증권,KOSPI
동원수산,030720,식품,KOSPI
양지사,030960,상업서비스와공급품,KOSDAQ
서울보증보험,031210,손해보험,KOSPI
아이즈비전,031310,통신장비,KOSDAQ
에스에이엠티,031330,전자장비와기기,KOSDAQ
신세계인터내셔날,031430,"섬유,의류,신발,호화품",KOSPI
신세계푸드,031440,"호텔,레스토랑,레저",KOSPI
오스템,031510,자동차부품,KOSDAQ
아이티센씨티에스,031820,IT서비스,KOSPI
디에이치엑스컴퍼니,031860,컴퓨터와주변기기,KOSDAQ
피에스케이홀딩스,031980,반도체와반도체장비,KOSDAQ
아즈텍WB,032080,"섬유,의류,신발,호화품",KOSDAQ
다우데이타,032190,증권,KOSDAQ
삼일,032280,항공화물운송과물류,KOSDAQ
한국파마,032300,제약,KOSDAQ
롯데관광개발,032350,"호텔,레스토랑,레저",KOSPI
케이엠더블유,032500,통신장비,KOSDAQ
TJ미디어,032540,전자제품,KOSDAQ
황금에스티,032560,비철금속,KOSPI
피델릭스,032580,반도체와반도체장비,KOSDAQ
GC메디아이,032620,건강관리기술,KOSDAQ
LG유플러스,032640,무선통신서비스,KOSPI
소프트센,032680,IT서비스,KOSDAQ
삼진,032750,전자제품,KOSDAQ
엠젠솔루션,032790,IT서비스,KOSDAQ
판타지오,032800,방송과엔터테인먼트,KOSDAQ
우리기술,032820,우주항공과국방,KOSDAQ
삼성생명,032830,생명보험,KOSPI
비트컴퓨터,032850,건강관리기술,KOSDAQ
더라미,032860,판매업체,KOSDAQ
원익,032940,화장품,KOSDAQ
동일기연,032960,전자장비와기기,KOSDAQ
바이온,032980,조선,KOSDAQ
제이엠아이,033050,가정용품,KOSDAQ
제룡전기,033100,전기장비,KOSDAQ
디지틀조선,033130,IT서비스,KOSDAQ
엠케이전자,033160,반도체와반도체장비,KOSDAQ
시그네틱스,033170,반도체와반도체장비,KOSDAQ
모아텍,033200,전자장비와기기,KOSDAQ
인성정보,033230,IT서비스,KOSDAQ
자화전자,033240,통신장비,KOSPI
체시스,033250,자동차부품,KOSPI
유나이티드제약,033270,제약,KOSPI
로젠,033290,항공화물운송과물류,KOSDAQ
엠투엔,033310,자동차부품,KOSDAQ
제이씨현시스템,033320,컴퓨터와주변기기,KOSDAQ
좋은사람들,033340,"섬유,의류,신발,호화품",KOSDAQ
동성화인텍,033500,화학,KOSDAQ
SJG세종,033530,자동차부품,KOSPI
파라텍,033540,기계,KOSDAQ
블루콤,033560,부동산,KOSDAQ
네패스,033640,반도체와반도체장비,KOSDAQ
KT&G,033780,담배,KOSPI
피노,033790,전기제품,KOSDAQ
티비씨,033830,방송과엔터테인먼트,KOSDAQ
무학,033920,음료,KOSPI
두산에너빌리티,034020,기계,KOSPI
SBS,034120,방송과엔터테인먼트,KOSPI
LG디스플레이,034220,디스플레이패널,KOSPI
파라다이스,034230,"호텔,레스토랑,레저",KOSPI
NICE,034310,IT서비스,KOSPI
인천도시가스,034590,가스유틸리티,KOSPI
SK,034730,석유와가스,KOSPI
해성산업,034810,종이와목재,KOSDAQ
한국토지신탁,034830,부동산,KOSPI
조아제약,034940,제약,KOSDAQ
한국기업평가,034950,상업서비스와공급품,KOSDAQ
HS애드,035000,광고,KOSPI
그래디언트,035080,인터넷과카탈로그소매,KOSDAQ
백산,035150,"섬유,의류,신발,호화품",KOSPI
프럼파스트,035200,건축제품,KOSDAQ
강원랜드,035250,"호텔,레스토랑,레저",KOSPI
골드앤에스,035290,교육서비스,KOSDAQ
NAVER,035420,양방향미디어와서비스,KOSPI
기산텔레콤,035460,통신장비,KOSDAQ
신세계 I&C,035510,IT서비스,KOSPI
KG이니시스,035600,IT서비스,KOSDAQ
솔본,035610,건강관리기술,KOSDAQ
바른손이앤에이,035620,방송과엔터테인먼트,KOSDAQ
카카오,035720,양방향미디어와서비스,KOSPI
CJ ENM,035760,방송과엔터테인먼트,KOSDAQ
이지홀딩스,035810,식품,KOSDAQ
서희건설,035890,건설,KOSDAQ
JYP Ent.,035900,방송과엔터테인먼트,KOSDAQ
예림당,036000,출판,KOSDAQ
아비코전자,036010,전기제품,KOSDAQ
케이티알파,036030,인터넷과카탈로그소매,KOSDAQ
위지트,036090,디스플레이장비및부품,KOSDAQ
서울평가정보,036120,상업서비스와공급품,KOSDAQ
에이치엠넥스,036170,디스플레이장비및부품,KOSDAQ
금화피에스시,036190,건설,KOSDAQ
유니셈,036200,반도체와반도체장비,KOSDAQ
오상헬스케어,036220,생명과학도구및서비스,KOSDAQ
콘텐트리중앙,036420,방송과엔터테인먼트,KOSPI
한국가스공사,036460,가스유틸리티,KOSPI
대성미생물,036480,제약,KOSDAQ
SNT홀딩스,036530,자동차부품,KOSPI
SFA반도체,036540,반도체와반도체장비,KOSDAQ
KZ정밀,036560,기계,KOSDAQ
NC,036570,게임엔터테인먼트,KOSPI
팜스코,036580,식품,KOSPI
감성코퍼레이션,036620,"섬유,의류,신발,호화품",KOSDAQ
세종텔레콤,036630,다각화된통신서비스,KOSDAQ
HRS,036640,화학,KOSDAQ
삼양케이씨아이,036670,화학,KOSDAQ
코맥스,036690,통신장비,KOSDAQ
심텍홀딩스,036710,반도체와반도체장비,KOSDAQ
나이스정보통신,036800,상업서비스와공급품,KOSDAQ
에프에스티,036810,반도체와반도체장비,KOSDAQ
솔브레인홀딩스,036830,전기제품,KOSDAQ
진성티이씨,036890,기계,KOSDAQ
주성엔지니어링,036930,반도체와반도체장비,KOSDAQ
파워넷,037030,전기제품,KOSDAQ
파세코,037070,가정용기기와용품,KOSDAQ
한국팩키지,037230,포장재,KOSDAQ
YG PLUS,037270,방송과엔터테인먼트,KOSPI
인지디스플레,037330,디스플레이장비및부품,KOSDAQ
성도이엔지,037350,건설,KOSDAQ
EG,037370,비철금속,KOSDAQ
우리엔터프라이즈,037400,디스플레이장비및부품,KOSDAQ
희림,037440,건설,KOSDAQ
삼지전자,037460,통신장비,KOSDAQ
LG헬로비전,037560,방송과엔터테인먼트,KOSPI
광주신세계,037710,백화점과일반상점,KOSPI
쎄니트,037760,철강,KOSDAQ
엘컴텍,037950,전자장비와기기,KOSDAQ
제일테크노스,038010,조선,KOSDAQ
루멘스,038060,디스플레이장비및부품,KOSDAQ
서린바이오,038070,생물공학,KOSDAQ
에코플라스틱,038110,자동차부품,KOSDAQ
마크로젠,038290,생명과학도구및서비스,KOSDAQ
레드캡투어,038390,도로와철도운송,KOSDAQ
바이오스마트,038460,전기장비,KOSDAQ
삼표시멘트,038500,건축자재,KOSDAQ
케이바이오랩스,038530,IT서비스,KOSDAQ
상상인,038540,기타금융,KOSDAQ
위즈코프,038620,운송인프라,KOSDAQ
에스넷,038680,IT서비스,KOSDAQ
에코심플렉스,038870,에너지장비및서비스,KOSDAQ
아이에이,038880,자동차부품,KOSDAQ
파인디지털,038950,전자제품,KOSDAQ
현대에이치티,039010,통신장비,KOSDAQ
이건홀딩스,039020,건축자재,KOSDAQ
이오테크닉스,039030,반도체와반도체장비,KOSDAQ
하나투어,039130,"호텔,레스토랑,레저",KOSPI
오스코텍,039200,제약,KOSDAQ
경남스틸,039240,철강,KOSDAQ
인포뱅크,039290,IT서비스,KOSDAQ
세중,039310,소프트웨어,KOSDAQ
한국경제TV,039340,방송과엔터테인먼트,KOSDAQ
케이엘넷,039420,IT서비스,KOSDAQ
에스티아이,039440,반도체와반도체장비,KOSDAQ
키움증권,039490,증권,KOSPI
다산네트웍스,039560,통신장비,KOSDAQ
HDC랩스,039570,건설,KOSPI
화성밸브,039610,기계,KOSDAQ
한국정보공학,039740,판매업체,KOSDAQ
오로라,039830,레저용장비와제품,KOSDAQ
디오,039840,건강관리장비와용품,KOSDAQ
나노엔텍,039860,생명과학도구및서비스,KOSDAQ
폴라리스AI,039980,IT서비스,KOSDAQ
누리플렉스,040160,IT서비스,KOSDAQ
YTN,040300,방송과엔터테인먼트,KOSDAQ
크레오에스지,040350,IT서비스,KOSDAQ
정상제이엘에스,040420,교육서비스,KOSDAQ
SG&G,040610,자동차부품,KOSDAQ
아이씨디,040910,디스플레이장비및부품,KOSDAQ
폴라리스오피스,041020,자동차부품,KOSDAQ
우리기술투자,041190,창업투자,KOSDAQ
현대에버다임,041440,기계,KOSDAQ
한국전자인증,041460,IT서비스,KOSDAQ
에스엠,041510,방송과엔터테인먼트,KOSDAQ
이엘씨,041520,반도체와반도체장비,KOSDAQ
플래스크,041590,건설,KOSDAQ
상신브레이크,041650,자동차부품,KOSPI
인바디,041830,건강관리장비와용품,KOSDAQ
폴라리스AI파마,041910,제약,KOSDAQ
메디아나,041920,건강관리장비와용품,KOSDAQ
SY동아,041930,자동차부품,KOSDAQ
코미팜,041960,제약,KOSDAQ
카페24,042000,IT서비스,KOSDAQ
케이피엠테크,042040,화학,KOSDAQ
에스씨디,042110,전기제품,KOSDAQ
비츠로테크,042370,전기제품,KOSDAQ
네오위즈홀딩스,042420,게임엔터테인먼트,KOSDAQ
링네트,042500,IT서비스,KOSDAQ
라온시큐어,042510,소프트웨어,KOSDAQ
한스바이오메드,042520,건강관리장비와용품,KOSDAQ
새로닉스,042600,가정용기기와용품,KOSDAQ
한화오션,042660,조선,KOSPI
한미반도체,042700,반도체와반도체장비,KOSPI
상지건설,042940,건설,KOSDAQ
더테크놀로지,043090,통신장비,KOSDAQ
알파AI,043100,건강관리장비와용품,KOSDAQ
바텍,043150,건강관리장비와용품,KOSDAQ
파루,043200,에너지장비및서비스,KOSDAQ
티에스넥스젠,043220,기계,KOSDAQ
성호전자,043260,전기제품,KOSDAQ
에쎈테크,043340,기계,KOSDAQ
디지아이,043360,컴퓨터와주변기기,KOSDAQ
피에이치에이,043370,자동차부품,KOSDAQ
웰킵스하이텍,043590,전기제품,KOSDAQ
KT지니뮤직,043610,방송과엔터테인먼트,KOSDAQ
국순당,043650,음료,KOSDAQ
코스리거글로벌,043710,건강관리업체및서비스,KOSDAQ
자연과환경,043910,상업서비스와공급품,KOSDAQ
KD,044180,건설,KOSDAQ
위닉스,044340,가정용기기와용품,KOSDAQ
주연테크,044380,컴퓨터와주변기기,KOSPI
KSS해운,044450,해운사,KOSPI
빌리언스,044480,방송과엔터테인먼트,KOSDAQ
태웅,044490,에너지장비및서비스,KOSDAQ
에이치케이,044780,기계,KOSDAQ
코스맥스비티아이,044820,건강관리업체및서비스,KOSPI
이글벳,044960,제약,KOSDAQ
에이치엔에스하이텍,044990,전자장비와기기,KOSDAQ
오공,045060,화학,KOSDAQ
한양이엔지,045100,반도체와반도체장비,KOSDAQ
성우테크론,045300,반도체와반도체장비,KOSDAQ
토탈소프트,045340,운송인프라,KOSDAQ
대아티아이,045390,도로와철도운송,KOSDAQ
정원엔시스,045510,IT서비스,KOSDAQ
크린앤사이언스,045520,화학,KOSDAQ
에이텍,045660,컴퓨터와주변기기,KOSDAQ
코아시아,045970,핸드셋,KOSDAQ
코다코,046070,자동차부품,KOSDAQ
오르비텍,046120,에너지장비및서비스,KOSDAQ
HLB파나진,046210,생명과학도구및서비스,KOSDAQ
백금T&A,046310,통신장비,KOSDAQ
삼화네트웍스,046390,방송과엔터테인먼트,KOSDAQ
KG파이낸셜,046440,IT서비스,KOSDAQ
서울반도체,046890,디스플레이장비및부품,KOSDAQ
우원개발,046940,건설,KOSDAQ
우리로,046970,컴퓨터와주변기기,KOSDAQ
대우건설,047040,건설,KOSPI
포스코인터내셔널,047050,무역회사와판매업체,KOSPI
한빛소프트,047080,게임엔터테인먼트,KOSDAQ
파워로직스,047310,핸드셋,KOSDAQ
유니온머티리얼,047400,자동차부품,KOSPI
이스트소프트,047560,소프트웨어,KOSDAQ
코데즈컴바인,047770,"섬유,의류,신발,호화품",KOSDAQ
한국항공우주,047810,우주항공과국방,KOSPI
초록뱀미디어,047820,방송과엔터테인먼트,KOSDAQ
HLB제약,047920,제약,KOSDAQ
현대바이오,048410,화장품,KOSDAQ
유라테크,048430,자동차부품,KOSDAQ
대동스틸,048470,철강,KOSDAQ
인트론바이오,048530,생명과학도구및서비스,KOSDAQ
SM C&C,048550,광고,KOSDAQ
TPC로보틱스,048770,기계,KOSDAQ
엔피케이,048830,화학,KOSDAQ
시너지이노베이션,048870,건강관리장비와용품,KOSDAQ
대원미디어,048910,방송과엔터테인먼트,KOSDAQ
인탑스,049070,핸드셋,KOSDAQ
기가레인,049080,통신장비,KOSDAQ
파인디앤씨,049120,디스플레이장비및부품,KOSDAQ
셀루메드,049180,건설,KOSDAQ
코메론,049430,기계,KOSDAQ
비트플래닛,049470,소프트웨어,KOSDAQ
오픈베이스,049480,컴퓨터와주변기기,KOSDAQ
유아이엘,049520,핸드셋,KOSDAQ
잉크테크,049550,컴퓨터와주변기기,KOSDAQ
재영솔루텍,049630,핸드셋,KOSDAQ
고려신용정보,049720,상업서비스와공급품,KOSDAQ
우진플라임,049800,기계,KOSPI
승일,049830,포장재,KOSDAQ
미래컴퍼니,049950,디스플레이장비및부품,KOSDAQ
쎌바이오텍,049960,생물공학,KOSDAQ
비케이홀딩스,050090,광고,KOSDAQ
캠시스,050110,핸드셋,KOSDAQ
ES큐브,050120,레저용장비와제품,KOSDAQ
에스폴리텍,050760,화학,KOSDAQ
아세아텍,050860,기계,KOSDAQ
쏠리드,050890,통신장비,KOSDAQ
수산아이앤티,050960,소프트웨어,KOSDAQ
지어소프트,051160,판매업체,KOSDAQ
토비스,051360,디스플레이장비및부품,KOSDAQ
인터플렉스,051370,전자장비와기기,KOSDAQ
피씨디렉트,051380,컴퓨터와주변기기,KOSDAQ
YW,051390,판매업체,KOSDAQ
나라엠앤디,051490,기계,KOSDAQ
CJ프레시웨이,051500,식품과기본식료품소매,KOSDAQ
한전KPS,051600,전기유틸리티,KOSPI
진양화학,051630,화학,KOSPI
큐로홀딩스,051780,식품,KOSDAQ
LG생활건강,051900,화장품,KOSPI
LG화학,051910,화학,KOSPI
중앙첨단소재,051980,통신장비,KOSDAQ
에스티큐브,052020,판매업체,KOSDAQ
iMBC,052220,방송과엔터테인먼트,KOSDAQ
현대바이오랜드,052260,화장품,KOSDAQ
오션인더블유,052300,건축제품,KOSDAQ
코텍,052330,디스플레이패널,KOSDAQ
코나아이,052400,IT서비스,KOSDAQ
오성첨단소재,052420,디스플레이장비및부품,KOSDAQ
아이크래프트,052460,IT서비스,KOSDAQ
한네트,052600,IT서비스,KOSDAQ
한전기술,052690,전기유틸리티,KOSPI
아모텍,052710,핸드셋,KOSDAQ
아이톡시,052770,게임엔터테인먼트,KOSDAQ
액토즈소프트,052790,게임엔터테인먼트,KOSDAQ
아이앤씨,052860,반도체와반도체장비,KOSDAQ
KX하이텍,052900,반도체와반도체장비,KOSDAQ
바이넥스,053030,제약,KOSDAQ
지에스이,053050,가스유틸리티,KOSDAQ
세동,053060,자동차부품,KOSDAQ
케이엔솔,053080,기계,KOSDAQ
프리엠스,053160,기계,KOSDAQ
스카이라이프,053210,방송과엔터테인먼트,KOSPI
금강철강,053260,철강,KOSDAQ
구영테크,053270,자동차부품,KOSDAQ
예스24,053280,인터넷과카탈로그소매,KOSDAQ
NE능률,053290,교육서비스,KOSDAQ
한국정보인증,053300,IT서비스,KOSDAQ
이니텍,053350,소프트웨어,KOSDAQ
세코닉스,053450,전자장비와기기,KOSDAQ
웹케시,053580,소프트웨어,KOSDAQ
프로텍,053610,반도체와반도체장비,KOSDAQ
태양,053620,가정용품,KOSDAQ
한미글로벌,053690,건설,KOSPI
삼보모터스,053700,자동차부품,KOSDAQ
안랩,053800,소프트웨어,KOSDAQ
경남제약,053950,제약,KOSDAQ
오상자이엘,053980,소프트웨어,KOSDAQ
한국컴퓨터,054040,디스플레이장비및부품,KOSDAQ
NH농우바이오,054050,생물공학,KOSDAQ
삼진엘앤디,054090,전자장비와기기,KOSDAQ
메디콕스,054180,조선,KOSDAQ
이랜텍,054210,핸드셋,KOSDAQ
비츠로시스,054220,IT서비스,KOSDAQ
팬스타엔터프라이즈,054300,해운사,KOSDAQ
케이피티유,054410,비철금속,KOSDAQ
텔레칩스,054450,반도체와반도체장비,KOSDAQ
삼영엠텍,054540,조선,KOSDAQ
APS,054620,반도체와반도체장비,KOSDAQ
대한뉴팜,054670,제약,KOSDAQ
키이스트,054780,방송과엔터테인먼트,KOSDAQ
아이디스홀딩스,054800,컴퓨터와주변기기,KOSDAQ
한컴위드,054920,비철금속,KOSDAQ
유신,054930,건설,KOSDAQ
엑사이엔씨,054940,반도체와반도체장비,KOSDAQ
제이브이엠,054950,건강관리장비와용품,KOSDAQ
테이팩스,055490,전자장비와기기,KOSPI
신한지주,055550,은행,KOSPI
유진로봇,056080,기계,KOSDAQ
시지메드텍,056090,건강관리장비와용품,KOSDAQ
에스에프에이,056190,기계,KOSDAQ
코위버,056360,통신장비,KOSDAQ
신화인터텍,056700,디스플레이장비및부품,KOSDAQ
CNT85,056730,건설,KOSDAQ
YBM넷,057030,교육서비스,KOSDAQ
현대홈쇼핑,057050,인터넷과카탈로그소매,KOSPI
옴니시스템,057540,전자장비와기기,KOSDAQ
티사이언티픽,057680,IT서비스,KOSDAQ
멕아이씨에스,058110,건강관리장비와용품,KOSDAQ
KNN,058400,방송과엔터테인먼트,KOSDAQ
포스코스틸리온,058430,비철금속,KOSPI
한주에이알티,058450,방송과엔터테인먼트,KOSDAQ
리노공업,058470,반도체와반도체장비,KOSDAQ
에스피지,058610,전기제품,KOSDAQ
엠게임,058630,게임엔터테인먼트,KOSDAQ
세아홀딩스,058650,철강,KOSPI
다스코,058730,건축자재,KOSPI
CMG제약,058820,제약,KOSDAQ
KTcs,058850,상업서비스와공급품,KOSPI
KTis,058860,상업서비스와공급품,KOSPI
엠로,058970,소프트웨어,KOSDAQ
미코,059090,반도체와반도체장비,KOSDAQ
아이컴포넌트,059100,디스플레이장비및부품,KOSDAQ
아진엑스텍,059120,반도체와반도체장비,KOSDAQ
메타바이오메드,059210,건강관리장비와용품,KOSDAQ
해성에어로보틱스,059270,기계,KOSDAQ
인선이엔티,060150,상업서비스와공급품,KOSDAQ
제이케이시냅스,060230,전자장비와기기,KOSDAQ
스타코링크,060240,조선,KOSDAQ
NHN KCP,060250,IT서비스,KOSDAQ
뉴보텍,060260,건축제품,KOSDAQ
큐렉소,060280,건강관리장비와용품,KOSDAQ
3S,060310,기계,KOSDAQ
LS마린솔루션,060370,건설,KOSDAQ
동양에스텍,060380,철강,KOSDAQ
국일신동,060480,비철금속,KOSDAQ
에스에이티,060540,핸드셋,KOSDAQ
HC홈센타,060560,건축자재,KOSDAQ
드림어스컴퍼니,060570,방송과엔터테인먼트,KOSDAQ
씨티씨바이오,060590,제약,KOSDAQ
KH바텍,060720,핸드셋,KOSDAQ
영림원소프트랩,060850,소프트웨어,KOSDAQ
에이전트AI,060900,에너지장비및서비스,KOSDAQ
HL홀딩스,060980,자동차부품,KOSPI
알에프텍,061040,핸드셋,KOSDAQ
세나테크놀로지,061090,통신장비,KOSDAQ
화일약품,061250,제약,KOSDAQ
LB세미콘,061970,반도체와반도체장비,KOSDAQ
산일전기,062040,전기장비,KOSPI
한국첨단소재,062970,통신장비,KOSDAQ
컴투스홀딩스,063080,게임엔터테인먼트,KOSDAQ
종근당바이오,063160,제약,KOSPI
서울옥션,063170,판매업체,KOSDAQ
SM Life Design,063440,방송과엔터테인먼트,KOSDAQ
NICE인프라,063570,상업서비스와공급품,KOSDAQ
이엘피,063760,디스플레이장비및부품,KOSDAQ
인크레더블버즈,064090,판매업체,KOSDAQ
홈캐스트,064240,전문소매,KOSDAQ
다날,064260,IT서비스,KOSDAQ
인텍플러스,064290,반도체와반도체장비,KOSDAQ
현대로템,064350,우주항공과국방,KOSPI
LG씨엔에스,064400,IT서비스,KOSPI
브리지텍,064480,IT서비스,KOSDAQ
테크엘,064520,반도체와반도체장비,KOSDAQ
바이오니아,064550,생물공학,KOSDAQ
티씨케이,064760,반도체와반도체장비,KOSDAQ
포니링크,064800,전문소매,KOSDAQ
케이프,064820,증권,KOSDAQ
에프앤가이드,064850,IT서비스,KOSDAQ
SNT모티브,064960,자동차부품,KOSPI
지엔코,065060,"섬유,의류,신발,호화품",KOSDAQ
탑엔지니어링,065130,핸드셋,KOSDAQ
대산F&B,065150,식품,KOSDAQ
비엘팜텍,065170,건강관리업체및서비스,KOSDAQ
신성델타테크,065350,가정용기기와용품,KOSDAQ
위세아이텍,065370,소프트웨어,KOSDAQ
에스아이리소스,065420,석유와가스,KOSDAQ
이루온,065440,IT서비스,KOSDAQ
빅텍,065450,우주항공과국방,KOSDAQ
오리엔트정공,065500,자동차부품,KOSDAQ
휴비츠,065510,건강관리장비와용품,KOSDAQ
와이어블,065530,무선통신서비스,KOSDAQ
삼영이엔씨,065570,조선,KOSDAQ
하이퍼코퍼레이션,065650,컴퓨터와주변기기,KOSDAQ
안트로젠,065660,제약,KOSDAQ
우주일렉트로,065680,핸드셋,KOSDAQ
파커스,065690,컴퓨터와주변기기,KOSDAQ
서호전기,065710,운송인프라,KOSDAQ
CS,065770,통신장비,KOSDAQ
웰크론,065950,건설,KOSDAQ
하츠,066130,가정용기기와용품,KOSDAQ
큐에스아이,066310,반도체와반도체장비,KOSDAQ
체리부로,066360,식품,KOSDAQ
버킷스튜디오,066410,IT서비스,KOSDAQ
아이로보틱스,066430,화학,KOSDAQ
LG전자,066570,전자제품,KOSPI
스모트로닉,066590,자동차부품,KOSDAQ
국보디자인,066620,건설,KOSDAQ
디티씨,066670,핸드셋,KOSDAQ
테라젠이텍스,066700,제약,KOSDAQ
씨씨에스,066790,방송과엔터테인먼트,KOSDAQ
디에이피,066900,전자장비와기기,KOSDAQ
손오공,066910,레저용장비와제품,KOSDAQ
엘앤에프,066970,전기제품,KOSPI
한성크린텍,066980,건설,KOSDAQ
조이시티,067000,게임엔터테인먼트,KOSDAQ
이씨에스,067010,IT서비스,KOSDAQ
대화제약,067080,제약,KOSDAQ
SOOP,067160,양방향미디어와서비스,KOSDAQ
오텍,067170,기계,KOSDAQ
멀티캠퍼스,067280,교육서비스,KOSDAQ
JW신약,067290,제약,KOSDAQ
하나마이크론,067310,반도체와반도체장비,KOSDAQ
선바이오,067370,생물공학,KOSDAQ
아스트,067390,우주항공과국방,KOSDAQ
엔브이에이치코리아,067570,자동차부품,KOSDAQ
HLB생명과학,067630,건강관리장비와용품,KOSDAQ
로지시스,067730,IT서비스,KOSDAQ
세진티에스,067770,디스플레이장비및부품,KOSDAQ
세이브존I&C,067830,백화점과일반상점,KOSPI
와이엔텍,067900,해운사,KOSDAQ
이글루,067920,IT서비스,KOSDAQ
도이치모터스,067990,자동차,KOSDAQ
팬엔터테인먼트,068050,방송과엔터테인먼트,KOSDAQ
케이웨더,068100,IT서비스,KOSDAQ
다원시스,068240,기계,KOSDAQ
셀트리온,068270,제약,KOSPI
삼성출판사,068290,출판,KOSPI
일신바이오,068330,생명과학도구및서비스,KOSDAQ
셀트리온제약,068760,제약,KOSDAQ
DMS,068790,디스플레이장비및부품,KOSDAQ
디지털대성,068930,교육서비스,KOSDAQ
셀피글로벌,068940,상업서비스와공급품,KOSDAQ
웹젠,069080,게임엔터테인먼트,KOSDAQ
누리플랜,069140,건설,KOSDAQ
TKG휴켐스,069260,화학,KOSPI
유아이디,069330,디스플레이장비및부품,KOSDAQ
엔텔스,069410,IT서비스,KOSDAQ
대호에이엘,069460,비철금속,KOSPI
에스텍,069510,전자장비와기기,KOSDAQ
빛과전자,069540,통신장비,KOSDAQ
대웅제약,069620,제약,KOSPI
한세엠케이,069640,"섬유,의류,신발,호화품",KOSPI
DSR제강,069730,철강,KOSPI
엑시온그룹,069920,건설,KOSDAQ
현대백화점,069960,백화점과일반상점,KOSPI
엑스큐어,070300,핸드셋,KOSDAQ
인티큐브,070590,IT서비스,KOSDAQ
모나용평,070960,"호텔,레스토랑,레저",KOSPI
한국금융지주,071050,증권,KOSPI
하이스틸,071090,철강,KOSPI
인피니트헬스케어,071200,건강관리기술,KOSDAQ
로체시스템즈,071280,반도체와반도체장비,KOSDAQ
지역난방공사,071320,복합유틸리티,KOSPI
에이테크솔루션,071670,기계,KOSDAQ
롯데하이마트,071840,전문소매,KOSPI
캐스텍코리아,071850,자동차부품,KOSDAQ
코아스,071950,가구,KOSPI
HD현대마린엔진,071970,조선,KOSPI
중앙백신,072020,제약,KOSDAQ
유엔젤,072130,IT서비스,KOSPI
우리산업홀딩스,072470,자동차부품,KOSDAQ
농심홀딩스,072710,식품,KOSPI
멤레이비티,072770,IT서비스,KOSDAQ
메가스터디,072870,교육서비스,KOSDAQ
빛샘전자,072950,전자장비와기기,KOSDAQ
에이치시티,072990,전자장비와기기,KOSDAQ
케이에스피,073010,조선,KOSDAQ
엘엠에스,073110,디스플레이장비및부품,KOSDAQ
듀오백,073190,가구,KOSDAQ
금호타이어,073240,자동차부품,KOSPI
LIG아큐버,073490,통신장비,KOSDAQ
에프알텍,073540,통신장비,KOSDAQ
우리손에프앤지,073560,식품,KOSDAQ
리튬포어스,073570,핸드셋,KOSDAQ
테라사이언스,073640,기계,KOSDAQ
아미노로직스,074430,제약,KOSDAQ
원익QnC,074600,반도체와반도체장비,KOSDAQ
이엔플러스,074610,기계,KOSPI
플랜티넷,075130,소프트웨어,KOSDAQ
새론오토모티브,075180,자동차부품,KOSPI
세진중공업,075580,조선,KOSPI
동국알앤에스,075970,비철금속,KOSDAQ
웰크론한텍,076080,건설,KOSDAQ
해성옵틱스,076610,핸드셋,KOSDAQ
덕산하이메탈,077360,반도체와반도체장비,KOSDAQ
유니퀘스트,077500,반도체와반도체장비,KOSPI
STX엔진,077970,조선,KOSPI
텔코웨어,078000,소프트웨어,KOSPI
LS증권,078020,증권,KOSDAQ
유비쿼스홀딩스,078070,통신장비,KOSDAQ
국일제지,078130,종이와목재,KOSDAQ
대봉엘에스,078140,제약,KOSDAQ
HB테크놀러지,078150,디스플레이장비및부품,KOSDAQ
메디포스트,078160,생물공학,KOSDAQ
컴투스,078340,게임엔터테인먼트,KOSDAQ
한양디지텍,078350,반도체와반도체장비,KOSDAQ
에이블씨엔씨,078520,화장품,KOSPI
휴림에이텍,078590,자동차부품,KOSDAQ
대주전자재료,078600,전자장비와기기,KOSDAQ
아이오케이이엔엠,078860,방송과엔터테인먼트,KOSDAQ
가온그룹,078890,전자제품,KOSDAQ
GS,078930,석유와가스,KOSPI
와토스코리아,079000,건축제품,KOSDAQ
CJ CGV,079160,방송과엔터테인먼트,KOSPI
한창산업,079170,비철금속,KOSDAQ
케스피온,079190,핸드셋,KOSDAQ
제우스,079370,반도체와반도체장비,KOSDAQ
현대리바트,079430,가구,KOSPI
LIG디펜스앤에어로스페이스,079550,우주항공과국방,KOSPI
서산,079650,건축자재,KOSDAQ
APS이노베이션,079810,전기제품,KOSDAQ
전진건설로봇,079900,기계,KOSPI
가비아,079940,IT서비스,KOSDAQ
인베니아,079950,디스플레이장비및부품,KOSDAQ
동양이엔피,079960,전기제품,KOSDAQ
투비소프트,079970,소프트웨어,KOSDAQ
휴비스,079980,"섬유,의류,신발,호화품",KOSPI
이상네트웍스,080010,다각화된소비자서비스,KOSDAQ
모두투어,080160,"호텔,레스토랑,레저",KOSDAQ
제주반도체,080220,반도체와반도체장비,KOSDAQ
모다이노칩,080420,전문소매,KOSDAQ
성창오토텍,080470,자동차부품,KOSDAQ
오디텍,080520,반도체와반도체장비,KOSDAQ
코디,080530,화장품,KOSDAQ
오킨스전자,080580,반도체와반도체장비,KOSDAQ
한국유니온제약,080720,제약,KOSDAQ
일진다이아,081000,비철금속,KOSPI
티플랙스,081150,비철금속,KOSDAQ
쎄크,081180,전자장비와기기,KOSDAQ
성우전자,081580,핸드셋,KOSDAQ
미스토홀딩스,081660,"섬유,의류,신발,호화품",KOSPI
옵트론텍,082210,전자장비와기기,KOSDAQ
젬백스,082270,반도체와반도체장비,KOSDAQ
동양생명,082640,생명보험,KOSPI
코스나인,082660,화장품,KOSDAQ
한화엔진,082740,조선,KOSPI
비보존 제약,082800,제약,KOSDAQ
우리바이오,082850,디스플레이장비및부품,KOSDAQ
비츠로셀,082920,전기제품,KOSDAQ
엘오티베큠,083310,반도체와반도체장비,KOSDAQ
그린케미칼,083420,화학,KOSPI
GST,083450,반도체와반도체장비,KOSDAQ
이엠앤아이,083470,디스플레이장비및부품,KOSDAQ
에프엔에스테크,083500,디스플레이장비및부품,KOSDAQ
케이엠,083550,"섬유,의류,신발,호화품",KOSDAQ
인콘,083640,전자장비와기기,KOSDAQ
비에이치아이,083650,에너지장비및서비스,KOSDAQ
CSA 코스믹,083660,화장품,KOSDAQ
CG인바이츠,083790,생명과학도구및서비스,KOSDAQ
아바코,083930,전기제품,KOSDAQ
대한제강,084010,철강,KOSPI
휴온스글로벌,084110,제약,KOSDAQ
수성웹툰,084180,출판,KOSDAQ
유진테크,084370,반도체와반도체장비,KOSDAQ
유비온,084440,교육서비스,KOSDAQ
랩지노믹스,084650,생명과학도구및서비스,KOSDAQ
동양고속,084670,도로와철도운송,KOSPI
이월드,084680,"섬유,의류,신발,호화품",KOSPI
대상홀딩스,084690,식품,KOSPI
팅크웨어,084730,전자제품,KOSDAQ
아이티엠반도체,084850,전자장비와기기,KOSDAQ
TBH글로벌,084870,"섬유,의류,신발,호화품",KOSPI
헬릭스미스,084990,생물공학,KOSDAQ
엔케이,085310,조선,KOSPI
미래에셋생명,085620,생명보험,KOSPI
차바이오텍,085660,건강관리업체및서비스,KOSDAQ
뉴프렉스,085670,전자장비와기기,KOSDAQ
알티캐스트,085810,건설,KOSDAQ
네오티스,085910,자동차부품,KOSDAQ
바이오톡스텍,086040,생명과학도구및서비스,KOSDAQ
진바이오텍,086060,제약,KOSDAQ
현대글로비스,086280,항공화물운송과물류,KOSPI
유니테스트,086390,반도체와반도체장비,KOSDAQ
동국제약,086450,제약,KOSDAQ
에코프로,086520,화학,KOSDAQ
비엠티,086670,기계,KOSDAQ
선진뷰티사이언스,086710,화장품,KOSDAQ
하나금융지주,086790,은행,KOSPI
바이오솔루션,086820,생물공학,KOSDAQ
이수앱지스,086890,제약,KOSDAQ
메디톡스,086900,생물공학,KOSDAQ
MDS테크,086960,소프트웨어,KOSDAQ
쇼박스,086980,방송과엔터테인먼트,KOSDAQ
펩트론,087010,생물공학,KOSDAQ
모바일어플라이언스,087260,자동차부품,KOSDAQ
픽셀플러스,087600,반도체와반도체장비,KOSDAQ
동아엘텍,088130,디스플레이장비및부품,KOSDAQ
이리츠코크렙,088260,부동산,KOSPI
쏘닉스,088280,핸드셋,KOSDAQ
이원컴포텍,088290,자동차부품,KOSDAQ
유라클,088340,소프트웨어,KOSDAQ
한화생명,088350,생명보험,KOSPI
이녹스,088390,레저용장비와제품,KOSDAQ
진도,088790,"섬유,의류,신발,호화품",KOSPI
에이스테크,088800,통신장비,KOSDAQ
동우팜투테이블,088910,식품,KOSDAQ
맥쿼리인프라,088980,운송인프라,KOSPI
켐트로닉스,089010,전자장비와기기,KOSDAQ
테크윙,089030,반도체와반도체장비,KOSDAQ
넥스턴앤롤코리아,089140,기계,KOSDAQ
케이씨티,089150,컴퓨터와주변기기,KOSDAQ
THE E&M,089230,양방향미디어와서비스,KOSDAQ
HDC현대EP,089470,자동차부품,KOSPI
제주항공,089590,항공사,KOSPI
KT나스미디어,089600,광고,KOSDAQ
제이티,089790,반도체와반도체장비,KOSDAQ
유비벨록스,089850,전자제품,KOSDAQ
롯데렌탈,089860,도로와철도운송,KOSPI
코세스,089890,반도체와반도체장비,KOSDAQ
브이엠,089970,반도체와반도체장비,KOSDAQ
상아프론테크,089980,전자장비와기기,KOSDAQ
평화산업,090080,자동차부품,KOSPI
아이윈,090150,자동차부품,KOSDAQ
노루페인트,090350,건축자재,KOSPI
로보스타,090360,기계,KOSDAQ
메타랩스,090370,상업서비스와공급품,KOSPI
덕신이피씨,090410,건축자재,KOSDAQ
아모레퍼시픽,090430,화장품,KOSPI
비에이치,090460,전자장비와기기,KOSPI
제이스로보틱스,090470,전자장비와기기,KOSDAQ
휴림로봇,090710,기계,KOSDAQ
현대이지웰,090850,상업서비스와공급품,KOSDAQ
이엠텍,091120,핸드셋,KOSDAQ
S&K폴리텍,091340,전자장비와기기,KOSDAQ
한울소재과학,091440,통신장비,KOSDAQ
상신이디피,091580,전기제품,KOSDAQ
남화토건,091590,건설,KOSDAQ
파트론,091700,핸드셋,KOSDAQ
트리니티항공,091810,항공사,KOSPI
LSK아이로봇,091970,화학,KOSDAQ
아미코젠,092040,생물공학,KOSDAQ
디엔에프,092070,반도체와반도체장비,KOSDAQ
이크레더블,092130,상업서비스와공급품,KOSDAQ
서울바이오시스,092190,디스플레이장비및부품,KOSDAQ
디아이씨,092200,자동차부품,KOSPI
KEC,092220,반도체와반도체장비,KOSPI
KPX홀딩스,092230,화학,KOSPI
현우산업,092300,전자장비와기기,KOSDAQ
기신정기,092440,기계,KOSPI
한라IMS,092460,조선,KOSDAQ
앤씨앤,092600,전자제품,KOSDAQ
네오팜,092730,화장품,KOSDAQ
DYP,092780,자동차부품,KOSPI
넥스틸,092790,철강,KOSPI
엑시콘,092870,반도체와반도체장비,KOSDAQ
LF,093050,"섬유,의류,신발,호화품",KOSPI
빅솔론,093190,컴퓨터와주변기기,KOSDAQ
형지엘리트,093240,"섬유,의류,신발,호화품",KOSPI
케이아이엔엑스,093320,IT서비스,KOSDAQ
후성,093370,화학,KOSPI
풍강,093380,자동차부품,KOSDAQ
매커스,093520,반도체와반도체장비,KOSDAQ
케이알엠,093640,반도체와반도체장비,KOSDAQ
서원인텍,093920,핸드셋,KOSDAQ
동운아나텍,094170,반도체와반도체장비,KOSDAQ
효성ITX,094280,상업서비스와공급품,KOSPI
칩스앤미디어,094360,반도체와반도체장비,KOSDAQ
갤럭시아머니트리,094480,IT서비스,KOSDAQ
맵스리얼티,094800,부동산,KOSPI
일진파워,094820,건설,KOSDAQ
슈프리마에이치큐,094840,전자장비와기기,KOSDAQ
참좋은여행,094850,"호텔,레스토랑,레저",KOSDAQ
네오리진,094860,게임엔터테인먼트,KOSDAQ
푸른로보틱스,094940,컴퓨터와주변기기,KOSDAQ
제이엠티,094970,디스플레이장비및부품,KOSDAQ
신화프리텍,095190,기계,KOSDAQ
웨이브일렉트로,095270,우주항공과국방,KOSDAQ
ISC,095340,반도체와반도체장비,KOSDAQ
미래나노텍,095500,디스플레이장비및부품,KOSDAQ
AJ네트웍스,095570,도로와철도운송,KOSPI
테스,095610,반도체와반도체장비,KOSDAQ
네오위즈,095660,게임엔터테인먼트,KOSDAQ
제넥신,095700,생물공학,KOSDAQ
웅진씽크빅,095720,교육서비스,KOSPI
에스에너지,095910,에너지장비및서비스,KOSDAQ
크레버스,096240,교육서비스,KOSDAQ
와이즈넛,096250,소프트웨어,KOSDAQ
대창솔루션,096350,조선,KOSDAQ
씨젠,096530,생명과학도구및서비스,KOSDAQ
알에프세미,096610,반도체와반도체장비,KOSDAQ
에스코넥,096630,핸드셋,KOSDAQ
에이루트,096690,컴퓨터와주변기기,KOSDAQ
JW홀딩스,096760,제약,KOSPI
SK이노베이션,096770,석유와가스,KOSPI
엘디티,096870,디스플레이장비및부품,KOSDAQ
HJ중공업,097230,건설,KOSPI
엠씨넥스,097520,핸드셋,KOSPI
에코볼트,097780,자동차부품,KOSDAQ
윈팩,097800,반도체와반도체장비,KOSDAQ
효성오앤비,097870,화학,KOSDAQ
CJ제일제당,097950,식품,KOSPI
한텍,098070,에너지장비및서비스,KOSDAQ
마이크로컨텍솔,098120,반도체와반도체장비,KOSDAQ
고영,098460,전자장비와기기,KOSDAQ
에스티오,098660,"섬유,의류,신발,호화품",KOSDAQ
아이센스,099190,건강관리장비와용품,KOSDAQ
SDN,099220,에너지장비및서비스,KOSDAQ
쎄트렉아이,099320,우주항공과국방,KOSDAQ
브레인즈컴퍼니,099390,소프트웨어,KOSDAQ
동방선기,099410,조선,KOSDAQ
바이오플러스,099430,건강관리장비와용품,KOSDAQ
스맥,099440,기계,KOSDAQ
DGI,099520,통신장비,KOSDAQ
이지케어텍,099750,건강관리기술,KOSDAQ
인지소프트,100030,소프트웨어,KOSDAQ
SK오션플랜트,100090,에너지장비및서비스,KOSPI
뷰웍스,100120,건강관리장비와용품,KOSDAQ
동국S&C,100130,에너지장비및서비스,KOSDAQ
비상교육,100220,교육서비스,KOSPI
진양홀딩스,100250,자동차부품,KOSPI
머큐리,100590,통신장비,KOSDAQ
서암기계공업,100660,기계,KOSDAQ
세운메디칼,100700,건강관리장비와용품,KOSDAQ
미래에셋벤처투자,100790,창업투자,KOSDAQ
SNT에너지,100840,에너지장비및서비스,KOSPI
KS인더스트리,101000,조선,KOSDAQ
인바이오젠,101140,전자장비와기기,KOSPI
월덱스,101160,반도체와반도체장비,KOSDAQ
우림피티에스,101170,기계,KOSDAQ
씨큐브,101240,화학,KOSDAQ
모베이스,101330,자동차부품,KOSDAQ
에코앤드림,101360,화학,KOSDAQ
아이엠,101390,핸드셋,KOSDAQ
엔시트론,101400,반도체와반도체장비,KOSDAQ
에스앤에스텍,101490,반도체와반도체장비,KOSDAQ
해태제과식품,101530,식품,KOSPI
하이드로리튬,101670,전기제품,KOSDAQ
한국정밀기계,101680,기계,KOSDAQ
위메이드맥스,101730,게임엔터테인먼트,KOSDAQ
인화정공,101930,조선,KOSDAQ
우양에이치씨,101970,에너지장비및서비스,KOSDAQ
어보브반도체,102120,반도체와반도체장비,KOSDAQ
동성케미컬,102260,화학,KOSPI
케이옥션,102370,판매업체,KOSDAQ
이연제약,102460,제약,KOSPI
이엔에프테크놀로지,102710,반도체와반도체장비,KOSDAQ
코오롱생명과학,102940,제약,KOSDAQ
풍산,103140,비철금속,KOSPI
에스앤더블류,103230,조선,KOSDAQ
일진전기,103590,전기장비,KOSPI
우양,103840,식품,KOSDAQ
디에스엠,104040,자동차부품,KOSDAQ
NHN벅스,104200,방송과엔터테인먼트,KOSDAQ
디와이피엔에프,104460,기계,KOSDAQ
티케이케미칼,104480,화학,KOSDAQ
코렌텍,104540,건강관리장비와용품,KOSDAQ
노랑풍선,104620,"호텔,레스토랑,레저",KOSDAQ
한국철강,104700,철강,KOSPI
원익머트리얼즈,104830,화학,KOSDAQ
케이엔더블유,105330,반도체와반도체장비,KOSDAQ
엣지파운드리,105550,자동차부품,KOSDAQ
KB금융,105560,은행,KOSPI
한세실업,105630,"섬유,의류,신발,호화품",KOSPI
디케이락,105740,기계,KOSDAQ
포스뱅크,105760,상업서비스와공급품,KOSDAQ
우진,105840,기계,KOSPI
케이이엠텍,106080,핸드셋,KOSDAQ
하이텍팜,106190,제약,KOSDAQ
파인테크닉스,106240,디스플레이장비및부품,KOSDAQ
노블엠앤비,106520,전자장비와기기,KOSDAQ
미원홀딩스,107590,화학,KOSPI
새빗켐,107600,전기제품,KOSDAQ
한중엔시에스,107640,전기장비,KOSDAQ
톱텍,108230,기계,KOSDAQ
LX세미콘,108320,디스플레이장비및부품,KOSPI
대양전기공업,108380,조선,KOSDAQ
로보티즈,108490,기계,KOSDAQ
LX하우시스,108670,건축자재,KOSPI
셀바스AI,108860,건강관리장비와용품,KOSDAQ
주성코퍼레이션,109070,해운사,KOSPI
옵티시스,109080,통신장비,KOSDAQ
에스와이,109610,건축자재,KOSDAQ
씨싸이트,109670,"섬유,의류,신발,호화품",KOSDAQ
디에스케이,109740,전자장비와기기,KOSDAQ
진매트릭스,109820,생물공학,KOSDAQ
동일금속,109860,기계,KOSDAQ
앱토크롬,109960,제약,KOSDAQ
전진바이오팜,110020,가정용품,KOSDAQ
크리스에프앤씨,110790,"섬유,의류,신발,호화품",KOSDAQ
디아이티,110990,반도체와반도체장비,KOSDAQ
호전실업,111110,"섬유,의류,신발,호화품",KOSPI
동인기연,111380,"섬유,의류,신발,호화품",KOSPI
남화산업,111710,"호텔,레스토랑,레저",KOSDAQ
영원무역,111770,"섬유,의류,신발,호화품",KOSPI
위메이드,112040,게임엔터테인먼트,KOSDAQ
와이씨켐,112290,반도체와반도체장비,KOSDAQ
씨에스윈드,112610,에너지장비및서비스,KOSPI
디젠스,113810,자동차부품,KOSDAQ
GKL,114090,"호텔,레스토랑,레저",KOSPI
강원에너지,114190,전자장비와기기,KOSDAQ
그린생명과학,114450,제약,KOSDAQ
폴라리스우노,114630,"섬유,의류,신발,호화품",KOSDAQ
한솔아이원스,114810,반도체와반도체장비,KOSDAQ
아이패밀리에스씨,114840,화장품,KOSDAQ
휴맥스,115160,전자제품,KOSDAQ
큐리언트,115180,제약,KOSDAQ
인포바인,115310,IT서비스,KOSDAQ
우리넷,115440,통신장비,KOSDAQ
HLB테라퓨틱스,115450,제약,KOSDAQ
씨유메디칼,115480,건강관리장비와용품,KOSDAQ
케이씨에스,115500,IT서비스,KOSDAQ
씨엔플러스,115530,에너지장비및서비스,KOSDAQ
스타플렉스,115570,화학,KOSDAQ
이미지스,115610,핸드셋,KOSDAQ
대성에너지,117580,가스유틸리티,KOSPI
알파칩스,117670,반도체와반도체장비,KOSDAQ
티로보틱스,117730,기계,KOSDAQ
메타케어,118000,제약,KOSPI
모트렉스,118990,자동차부품,KOSDAQ
포메탈,119500,기계,KOSDAQ
인터로조,119610,건강관리장비와용품,KOSDAQ
KC코트렐,119650,상업서비스와공급품,KOSPI
아이텍,119830,반도체와반도체장비,KOSDAQ
지엔씨에너지,119850,전기장비,KOSDAQ
조선선재,120030,철강,KOSPI
코오롱인더,120110,화학,KOSPI
대정화금,120240,화학,KOSDAQ
골프존홀딩스,121440,레저용장비와제품,KOSDAQ
나노신소재,121600,화학,KOSDAQ
비덴트,121800,디스플레이패널,KOSDAQ
코이즈,121850,디스플레이장비및부품,KOSDAQ
에스디시스템,121890,운송인프라,KOSDAQ
제노레이,122310,건강관리장비와용품,KOSDAQ
삼기,122350,자동차부품,KOSDAQ
KX,122450,복합기업,KOSDAQ
예스티,122640,반도체와반도체장비,KOSDAQ
서진오토모티브,122690,자동차부품,KOSDAQ
와이지엔터테인먼트,122870,방송과엔터테인먼트,KOSDAQ
아이마켓코리아,122900,상업서비스와공급품,KOSPI
와이솔,122990,핸드셋,KOSDAQ
알엔티엑스,123010,핸드셋,KOSDAQ
엠에스오토텍,123040,자동차부품,KOSDAQ
제닉,123330,화장품,KOSDAQ
코리아에프티,123410,자동차부품,KOSDAQ
위메이드플레이,123420,게임엔터테인먼트,KOSDAQ
이엠넷,123570,광고,KOSDAQ
한국화장품,123690,화장품,KOSPI
SJM,123700,자동차부품,KOSPI
알톤,123750,레저용장비와제품,KOSDAQ
뉴온,123840,건강관리업체및서비스,KOSDAQ
아나패스,123860,디스플레이장비및부품,KOSDAQ
한국자산신탁,123890,부동산,KOSPI
아이티센글로벌,124500,IT서비스,KOSDAQ
태웅로직스,124560,해운사,KOSDAQ
티씨머티리얼즈,125020,전기장비,KOSDAQ
아모그린텍,125210,화학,KOSDAQ
한라캐스트,125490,자동차부품,KOSDAQ
비나텍,126340,전기장비,KOSDAQ
현대퓨처넷,126560,화장품,KOSPI
BGF에코머티리얼즈,126600,화학,KOSDAQ
화신정공,126640,자동차부품,KOSDAQ
하이비젼시스템,126700,핸드셋,KOSDAQ
수산인더스트리,126720,에너지장비및서비스,KOSPI
코칩,126730,전기제품,KOSDAQ
제이엔케이글로벌,126880,석유와가스,KOSDAQ
제이에스링크,127120,생명과학도구및서비스,KOSDAQ
아시아경제,127710,출판,KOSDAQ
화인써키트,127980,전자장비와기기,KOSDAQ
에코캡,128540,자동차부품,KOSDAQ
피제이메탈,128660,비철금속,KOSDAQ
대성산업,128820,석유와가스,KOSPI
한미약품,128940,제약,KOSPI
인터지스,129260,해운사,KOSPI
앱코,129890,컴퓨터와주변기기,KOSDAQ
대성하이텍,129920,기계,KOSDAQ
GH신소재,130500,자동차부품,KOSDAQ
나이스디앤비,130580,상업서비스와공급품,KOSDAQ
한전산업,130660,전기유틸리티,KOSPI
티피씨글로벌,130740,자동차부품,KOSDAQ
옵투스제약,131030,제약,KOSDAQ
시큐브,131090,소프트웨어,KOSDAQ
티엔엔터테인먼트,131100,방송과엔터테인먼트,KOSDAQ
딜리,131180,컴퓨터와주변기기,KOSDAQ
대한과학,131220,생명과학도구및서비스,KOSDAQ
티에스이,131290,반도체와반도체장비,KOSDAQ
알서포트,131370,소프트웨어,KOSDAQ
이브이첨단소재,131400,전자장비와기기,KOSDAQ
파인텍,131760,디스플레이장비및부품,KOSDAQ
두산테스나,131970,반도체와반도체장비,KOSDAQ
메가엠디,133750,교육서비스,KOSDAQ
화인베스틸,133820,철강,KOSPI
이퓨쳐,134060,교육서비스,KOSDAQ
미원화학,134380,화학,KOSPI
탑코미디어,134580,양방향미디어와서비스,KOSDAQ
시디즈,134790,가구,KOSPI
원일티엔아이,136150,에너지장비및서비스,KOSDAQ
아셈스,136410,화학,KOSDAQ
하림,136480,식품,KOSDAQ
선진,136490,식품,KOSPI
윈스테크넷,136540,소프트웨어,KOSDAQ
나래나노텍,137080,디스플레이장비및부품,KOSDAQ
에스디바이오센서,137310,건강관리장비와용품,KOSPI
피엔티,137400,전기제품,KOSDAQ
넥스트아이,137940,화장품,KOSDAQ
제이씨케미칼,137950,에너지장비및서비스,KOSDAQ
메리츠금융지주,138040,증권,KOSPI
신진에스엠,138070,기계,KOSDAQ
오이솔루션,138080,통신장비,KOSDAQ
앤로보틱스,138360,기계,KOSDAQ
나이벡,138610,건강관리장비와용품,KOSDAQ
BNK금융지주,138930,은행,KOSPI
iM금융지주,139130,은행,KOSPI
이마트,139480,백화점과일반상점,KOSPI
키네마스터,139670,소프트웨어,KOSDAQ
아주스틸,139990,철강,KOSPI
서플러스글로벌,140070,반도체와반도체장비,KOSDAQ
메지온,140410,식품,KOSDAQ
카티스,140430,통신장비,KOSDAQ
대창스틸,140520,철강,KOSDAQ
알에스오토메이션,140670,기계,KOSDAQ
파크시스템스,140860,전자장비와기기,KOSDAQ
비아트론,141000,디스플레이장비및부품,KOSDAQ
리가켐바이오,141080,제약,KOSDAQ
유니트론텍,142210,반도체와반도체장비,KOSDAQ
녹십자엠에스,142280,건강관리장비와용품,KOSDAQ
모아라이프플러스,142760,제약,KOSDAQ
아이디스,143160,전자장비와기기,KOSDAQ
핸즈코퍼레이션,143210,자동차부품,KOSPI
사람인,143240,상업서비스와공급품,KOSDAQ
영우디에스피,143540,디스플레이장비및부품,KOSDAQ
지씨셀,144510,건강관리업체및서비스,KOSDAQ
뉴파워프라즈마,144960,반도체와반도체장비,KOSDAQ
휴젤,145020,생물공학,KOSDAQ
노브랜드,145170,"섬유,의류,신발,호화품",KOSDAQ
다이나믹디자인,145210,자동차부품,KOSPI
케이탑리츠,145270,부동산,KOSPI
덴티움,145720,건강관리장비와용품,KOSPI
삼양사,145990,식품,KOSPI
율촌,146060,자동차부품,KOSDAQ
비씨엔씨,146320,반도체와반도체장비,KOSDAQ
피엠티,147760,반도체와반도체장비,KOSDAQ
제룡산업,147830,전기장비,KOSDAQ
세경하이테크,148150,핸드셋,KOSDAQ
알엔투테크놀로지,148250,통신장비,KOSDAQ
비큐AI,148780,소프트웨어,KOSDAQ
에이치와이티씨,148930,전기제품,KOSDAQ
아바텍,149950,디스플레이장비및부품,KOSDAQ
하이로닉,149980,건강관리장비와용품,KOSDAQ
파수AI,150900,소프트웨어,KOSDAQ
KG에코솔루션,151860,자동차,KOSDAQ
네이블,153460,소프트웨어,KOSDAQ
우리이앤엘하루틴,153490,디스플레이장비및부품,KOSDAQ
옵티팜,153710,제약,KOSDAQ
아시아종묘,154030,생물공학,KOSDAQ
다산솔루에타,154040,전자제품,KOSDAQ
와이엠씨,155650,디스플레이장비및부품,KOSDAQ
DSR,155660,비철금속,KOSPI
엘앤케이바이오,156100,건강관리장비와용품,KOSDAQ
아톤,158430,소프트웨어,KOSDAQ
아스플로,159010,기계,KOSDAQ
제로투세븐,159580,화장품,KOSDAQ
에코글로우,159910,화장품,KOSDAQ
하이젠알앤엠,160190,기계,KOSDAQ
NEW,160550,방송과엔터테인먼트,KOSDAQ
싸이맥스,160980,반도체와반도체장비,KOSDAQ
애경케미칼,161000,화학,KOSPI
한국타이어앤테크놀로지,161390,자동차부품,KOSPI
필옵틱스,161580,전자장비와기기,KOSDAQ
한국콜마,161890,화장품,KOSPI
신스틸,162300,철강,KOSDAQ
에어레인,163280,화학,KOSDAQ
동일고무벨트,163560,화학,KOSPI
핑거,163730,IT서비스,KOSDAQ
하나머티리얼즈,166090,반도체와반도체장비,KOSDAQ
코아스템켐온,166480,생물공학,KOSDAQ
내츄럴엔도텍,168330,화장품,KOSDAQ
펨트론,168360,전자장비와기기,KOSDAQ
엠브레인,169330,IT서비스,KOSDAQ
현대공업,170030,자동차부품,KOSDAQ
파이오링크,170790,통신장비,KOSDAQ
동아에스티,170900,제약,KOSPI
엘티씨,170920,반도체와반도체장비,KOSDAQ
램테크놀러지,171010,반도체와반도체장비,KOSDAQ
선익시스템,171090,디스플레이장비및부품,KOSDAQ
라이온켐텍,171120,건축자재,KOSDAQ
에이엘티,172670,반도체와반도체장비,KOSDAQ
오파스넷,173130,IT서비스,KOSDAQ
에프엔씨엔터,173940,방송과엔터테인먼트,KOSDAQ
앱클론,174900,생물공학,KOSDAQ
휴먼테크놀로지,175140,전자제품,KOSDAQ
아이큐어,175250,화장품,KOSDAQ
JB금융지주,175330,은행,KOSPI
듀켐바이오,176750,제약,KOSDAQ
베셀,177350,화학,KOSDAQ
파버나인,177830,디스플레이장비및부품,KOSDAQ
쓰리에이로직스,177900,통신장비,KOSDAQ
서진시스템,178320,전기장비,KOSDAQ
일월지엠엘,178780,전문소매,KOSDAQ
PI첨단소재,178920,화학,KOSPI
엠아이텍,179290,건강관리장비와용품,KOSDAQ
애드바이오텍,179530,제약,KOSDAQ
유티아이,179900,핸드셋,KOSDAQ
DXVX,180400,건강관리업체및서비스,KOSDAQ
한진칼,180640,항공사,KOSPI
NHN,181710,IT서비스,KOSPI
큐브엔터,182360,방송과엔터테인먼트,KOSDAQ
엔케이젠바이오텍코리아,182400,생명과학도구및서비스,KOSDAQ
아세아시멘트,183190,건축자재,KOSPI
코미코,183300,반도체와반도체장비,KOSDAQ
엔지켐생명과학,183490,제약,KOSDAQ
SGA솔루션즈,184230,소프트웨어,KOSDAQ
아이진,185490,생물공학,KOSDAQ
종근당,185750,제약,KOSPI
그린플러스,186230,건축자재,KOSDAQ
디티앤씨,187220,전자장비와기기,KOSDAQ
신화콘텍,187270,핸드셋,KOSDAQ
HLB제넥스,187420,생물공학,KOSDAQ
페니트리움바이오,187660,제약,KOSDAQ
나노,187790,화학,KOSDAQ
디바이스,187870,디스플레이장비및부품,KOSDAQ
바이오포트,188040,식품,KOSDAQ
세니젠,188260,건강관리장비와용품,KOSDAQ
인텔리안테크,189300,통신장비,KOSDAQ
씨이랩,189330,IT서비스,KOSDAQ
포시에스,189690,소프트웨어,KOSDAQ
서전기전,189860,전기장비,KOSDAQ
흥국에프엔비,189980,음료,KOSDAQ
나무가,190510,핸드셋,KOSDAQ
코리아에셋투자증권,190650,증권,KOSDAQ
육일씨엔에쓰,191410,디스플레이패널,KOSDAQ
테고사이언스,191420,생물공학,KOSDAQ
더블유게임즈,192080,게임엔터테인먼트,KOSPI
케이사인,192250,소프트웨어,KOSDAQ
윈하이텍,192390,건축자재,KOSDAQ
쿠쿠홀딩스,192400,가정용기기와용품,KOSPI
오늘이엔엠,192410,통신장비,KOSDAQ
슈피겐코리아,192440,핸드셋,KOSDAQ
드림텍,192650,핸드셋,KOSPI
코스맥스,192820,화장품,KOSPI
링크드,193250,핸드셋,KOSDAQ
제이에스코퍼레이션,194370,"섬유,의류,신발,호화품",KOSPI
데브시스터즈,194480,게임엔터테인먼트,KOSDAQ
노바렉스,194700,건강관리업체및서비스,KOSDAQ
마니커에프앤지,195500,식품,KOSDAQ
해성디에스,195870,반도체와반도체장비,KOSPI
HK이노엔,195940,제약,KOSDAQ
에이비프로바이오,195990,기계,KOSDAQ
알테오젠,196170,생물공학,KOSDAQ
HLB펩,196300,생물공학,KOSDAQ
코아시아씨엠,196450,핸드셋,KOSDAQ
디에이테크놀로지,196490,전기제품,KOSDAQ
웹스,196700,화학,KOSDAQ
디지캡,197140,소프트웨어,KOSDAQ
캐프,198080,핸드셋,KOSDAQ
강동씨앤엘,198440,건축자재,KOSDAQ
한주라이트메탈,198940,자동차부품,KOSDAQ
케이엔알시스템,199430,기계,KOSDAQ
뱅크웨어글로벌,199480,IT서비스,KOSDAQ
레이저옵텍,199550,건강관리장비와용품,KOSDAQ
바이오인프라,199730,생명과학도구및서비스,KOSDAQ
툴젠,199800,생물공학,KOSDAQ
제일일렉트릭,199820,전기장비,KOSDAQ
콜마비앤에이치,200130,건강관리업체및서비스,KOSDAQ
텔콘RF제약,200230,제약,KOSDAQ
아티스트스튜디오,200350,방송과엔터테인먼트,KOSDAQ
에이팩트,200470,반도체와반도체장비,KOSDAQ
휴메딕스,200670,제약,KOSDAQ
에이디테크놀로지,200710,반도체와반도체장비,KOSDAQ
비씨월드제약,200780,제약,KOSDAQ
서연이화,200880,자동차부품,KOSPI
미투온,201490,게임엔터테인먼트,KOSDAQ
에이비온,203400,제약,KOSDAQ
유니온바이오메트릭스,203450,전자장비와기기,KOSDAQ
드림시큐리티,203650,상업서비스와공급품,KOSDAQ
아크솔루션스,203690,가정용품,KOSDAQ
그리티,204020,"섬유,의류,신발,호화품",KOSDAQ
제이앤티씨,204270,핸드셋,KOSDAQ
HL만도,204320,자동차부품,KOSPI
티쓰리,204610,게임엔터테인먼트,KOSDAQ
글로벌텍스프리,204620,기타금융,KOSDAQ
지엘팜텍,204840,제약,KOSDAQ
엑셈,205100,소프트웨어,KOSDAQ
휴마시스,205470,생명과학도구및서비스,KOSDAQ
넥써쓰,205500,게임엔터테인먼트,KOSDAQ
베노티앤알,206400,건설,KOSDAQ
덱스터,206560,방송과엔터테인먼트,KOSDAQ
바디텍메드,206640,생명과학도구및서비스,KOSDAQ
유바이오로직스,206650,생물공학,KOSDAQ
미스터블루,207760,양방향미디어와서비스,KOSDAQ
삼성바이오로직스,207940,제약,KOSPI
정다운,208140,식품,KOSDAQ
지란지교시큐리티,208350,소프트웨어,KOSDAQ
셀바스헬스케어,208370,건강관리장비와용품,KOSDAQ
썸에이지,208640,게임엔터테인먼트,KOSDAQ
포톤,208710,핸드셋,KOSDAQ
다산디엠씨,208860,자동차부품,KOSDAQ
와이제이링크,209640,전자장비와기기,KOSDAQ
캔버스엔,210120,방송과엔터테인먼트,KOSDAQ
디와이파워,210540,기계,KOSPI
SK디앤디,210980,부동산,KOSPI
인카금융서비스,211050,손해보험,KOSDAQ
AP위성,211270,통신장비,KOSDAQ
네오오토,212560,자동차부품,KOSDAQ
아이에스티이,212710,반도체와반도체장비,KOSDAQ
덕산네오룩스,213420,디스플레이장비및부품,KOSDAQ
한솔제지,213500,종이와목재,KOSPI
클래시스,214150,건강관리장비와용품,KOSDAQ
헥토이노베이션,214180,IT서비스,KOSDAQ
라파스,214260,화장품,KOSDAQ
FSN,214270,양방향미디어와서비스,KOSDAQ
이노션,214320,광고,KOSPI
금호에이치티,214330,자동차부품,KOSPI
케어젠,214370,건강관리업체및서비스,KOSDAQ
경보제약,214390,제약,KOSPI
토니모리,214420,화장품,KOSPI
아이쓰리시스템,214430,우주항공과국방,KOSDAQ
파마리서치,214450,건강관리장비와용품,KOSDAQ
롤링스톤,214610,건강관리장비와용품,KOSDAQ
디알텍,214680,건강관리장비와용품,KOSDAQ
골프존,215000,"호텔,레스토랑,레저",KOSDAQ
솔디펜스,215090,우주항공과국방,KOSDAQ
로보로보,215100,교육서비스,KOSDAQ
메가스터디교육,215200,교육서비스,KOSDAQ
우리산업,215360,자동차부품,KOSDAQ
우정바이오,215380,생명과학도구및서비스,KOSDAQ
토박스코리아,215480,"섬유,의류,신발,호화품",KOSDAQ
신라젠,215600,제약,KOSDAQ
이노인스트루먼트,215790,통신장비,KOSDAQ
인크로스,216050,광고,KOSDAQ
제테마,216080,건강관리장비와용품,KOSDAQ
제너셈,217190,반도체와반도체장비,KOSDAQ
넵튠,217270,게임엔터테인먼트,KOSDAQ
싸이토젠,217330,건강관리업체및서비스,KOSDAQ
에스디생명공학,217480,화장품,KOSDAQ
러셀,217500,반도체와반도체장비,KOSDAQ
티엠씨,217590,조선,KOSPI
강스템바이오텍,217730,생물공학,KOSDAQ
원익피앤이,217820,전기제품,KOSDAQ
미래생명자원,218150,식품,KOSDAQ
RFHIC,218410,통신장비,KOSDAQ
타이거일렉,219130,반도체와반도체장비,KOSDAQ
링크제니시스,219420,소프트웨어,KOSDAQ
디와이디,219550,화장품,KOSDAQ
한국비티비,219750,건강관리장비와용품,KOSDAQ
퓨쳐켐,220100,제약,KOSDAQ
핸디소프트,220180,소프트웨어,KOSDAQ
켐트로스,220260,화학,KOSDAQ
지구홀딩스,221800,건강관리업체및서비스,KOSDAQ
하이즈항공,221840,우주항공과국방,KOSDAQ
케이디켐,221980,화학,KOSDAQ
코스맥스엔비티,222040,건강관리업체및서비스,KOSDAQ
씨아이에스,222080,전기제품,KOSDAQ
팬젠,222110,생물공학,KOSDAQ
NPX,222160,반도체와반도체장비,KOSDAQ
쎄노텍,222420,화학,KOSDAQ
심텍,222800,전자장비와기기,KOSDAQ
한국맥널티,222980,식품,KOSDAQ
드림씨아이에스,223250,제약,KOSDAQ
사토시홀딩스,223310,식품과기본식료품소매,KOSDAQ
더코디,224060,전기제품,KOSDAQ
에이텍모빌리티,224110,컴퓨터와주변기기,KOSDAQ
LK삼양,225190,전자장비와기기,KOSDAQ
제놀루션,225220,건강관리장비와용품,KOSDAQ
케이엠제약,225430,가정용품,KOSDAQ
HC보광산업,225530,건축자재,KOSDAQ
넥슨게임즈,225570,게임엔터테인먼트,KOSDAQ
패션플랫폼,225590,"섬유,의류,신발,호화품",KOSDAQ
잇츠한불,226320,화장품,KOSPI
신테카바이오,226330,건강관리업체및서비스,KOSDAQ
본느,226340,화장품,KOSDAQ
오스테오닉,226400,건강관리장비와용품,KOSDAQ
엠디바이스,226590,반도체와반도체장비,KOSDAQ
올릭스,226950,생명과학도구및서비스,KOSDAQ
프로브잇,227100,건설,KOSDAQ
아우딘퓨쳐스,227610,화장품,KOSDAQ
현대코퍼레이션홀딩스,227840,식품과기본식료품소매,KOSPI
엔투텍,227950,반도체와반도체장비,KOSDAQ
동양파일,228340,건축자재,KOSDAQ
레이,228670,건강관리장비와용품,KOSDAQ
지노믹트리,228760,건강관리장비와용품,KOSDAQ
레이언스,228850,건강관리장비와용품,KOSDAQ
젠큐릭스,229000,건강관리장비와용품,KOSDAQ
LS에코에너지,229640,전기장비,KOSPI
에치에프알,230240,통신장비,KOSDAQ
에코마케팅,230360,"섬유,의류,신발,호화품",KOSDAQ
와이씨,232140,반도체와반도체장비,KOSDAQ
라온로보틱스,232680,반도체와반도체장비,KOSDAQ
아이티센피엔에스,232830,IT서비스,KOSDAQ
싸이닉솔루션,234030,반도체와반도체장비,KOSDAQ
JW생명과학,234080,제약,KOSPI
폴라리스세원,234100,자동차부품,KOSDAQ
에스트래픽,234300,IT서비스,KOSDAQ
헥토파이낸셜,234340,IT서비스,KOSDAQ
녹십자웰빙,234690,제약,KOSDAQ
자이글,234920,건강관리장비와용품,KOSDAQ
메드팩토,235980,제약,KOSDAQ
슈프리마,236200,전자장비와기기,KOSDAQ
엔비티,236810,광고,KOSDAQ
에스티팜,237690,제약,KOSDAQ
피앤씨테크,237750,전기장비,KOSDAQ
플레이디,237820,광고,KOSDAQ
클리오,237880,화장품,KOSDAQ
앤디포스,238090,핸드셋,KOSDAQ
얼라인드,238120,생명과학도구및서비스,KOSDAQ
비피도,238200,건강관리업체및서비스,KOSDAQ
힘스,238490,디스플레이장비및부품,KOSDAQ
이스트에이드,239340,증권,KOSDAQ
에이치엘사이언스,239610,건강관리업체및서비스,KOSDAQ
피엔에이치테크,239890,디스플레이장비및부품,KOSDAQ
동방메디컬,240550,건강관리장비와용품,KOSDAQ
유진테크놀로지,240600,전기제품,KOSDAQ
원익IPS,240810,반도체와반도체장비,KOSDAQ
DSC인베스트먼트,241520,창업투자,KOSDAQ
두산밥캣,241560,기계,KOSPI
화승엔터프라이즈,241590,"섬유,의류,신발,호화품",KOSPI
유니테크노,241690,자동차부품,KOSDAQ
코스메카코리아,241710,화장품,KOSDAQ
메카로,241770,반도체와반도체장비,KOSDAQ
티이엠씨씨엔에스,241790,반도체와반도체장비,KOSDAQ
피씨엘,241820,생명과학도구및서비스,KOSDAQ
에이스토리,241840,방송과엔터테인먼트,KOSDAQ
나무기술,242040,IT서비스,KOSDAQ
휴온스,243070,제약,KOSDAQ
신흥에스이씨,243840,전기제품,KOSDAQ
올리패스,244460,제약,KOSDAQ
에이플러스에셋,244920,손해보험,KOSPI
EDGC,245620,생명과학도구및서비스,KOSDAQ
에스엘에스바이오,246250,제약,KOSDAQ
TS인베스트먼트,246690,창업투자,KOSDAQ
티앤알바이오팹,246710,생물공학,KOSDAQ
아스타,246720,건강관리장비와용품,KOSDAQ
SCL사이언스,246960,건강관리업체및서비스,KOSDAQ
에코프로비엠,247540,전기제품,KOSDAQ
나노씨엠에스,247660,화학,KOSDAQ
솔루엠,248070,전자장비와기기,KOSPI
샘표식품,248170,식품,KOSPI
일동제약,249420,제약,KOSPI
보라티알,250000,식품과기본식료품소매,KOSDAQ
모비스,250060,소프트웨어,KOSDAQ
예선테크,250930,디스플레이장비및부품,KOSDAQ
바이오에프디엔씨,251120,생물공학,KOSDAQ
넷마블,251270,게임엔터테인먼트,KOSPI
와이엠티,251370,화학,KOSDAQ
브이원텍,251630,기계,KOSDAQ
펌텍코리아,251970,포장재,KOSDAQ
세화피앤씨,252500,화장품,KOSDAQ
샘씨엔에스,252990,반도체와반도체장비,KOSDAQ
스튜디오드래곤,253450,방송과엔터테인먼트,KOSDAQ
네오셈,253590,반도체와반도체장비,KOSDAQ
수젠텍,253840,건강관리장비와용품,KOSDAQ
자비스,254120,전자장비와기기,KOSDAQ
미래반도체,254490,반도체와반도체장비,KOSDAQ
SG,255220,건축자재,KOSDAQ
야스,255440,디스플레이장비및부품,KOSDAQ
한독크린텍,256150,가정용기기와용품,KOSDAQ
포인트엔지니어링,256630,디스플레이장비및부품,KOSDAQ
한국비엔씨,256840,건강관리장비와용품,KOSDAQ
킵스파마,256940,비철금속,KOSDAQ
피엔티엠에스,257370,전기제품,KOSDAQ
실리콘투,257720,인터넷과카탈로그소매,KOSDAQ
케일럼,258610,핸드셋,KOSDAQ
소프트캠프,258790,소프트웨어,KOSDAQ
세종메디칼,258830,건강관리장비와용품,KOSDAQ
엠플러스,259630,전기제품,KOSDAQ
크래프톤,259960,게임엔터테인먼트,KOSPI
알리코제약,260660,제약,KOSDAQ
씨티케이,260930,화장품,KOSDAQ
에스앤디,260970,식품,KOSDAQ
덴티스,261200,건강관리장비와용품,KOSDAQ
이지스,261520,IT서비스,KOSDAQ
아리바이오랩,261780,제약,KOSDAQ
에이프로,262260,전자장비와기기,KOSDAQ
아이퀘스트,262840,IT서비스,KOSDAQ
디케이앤디,263020,"섬유,의류,신발,호화품",KOSDAQ
유틸렉스,263050,생물공학,KOSDAQ
덕우전자,263600,핸드셋,KOSDAQ
디알젬,263690,건강관리장비와용품,KOSDAQ
케어랩스,263700,건강관리업체및서비스,KOSDAQ
디앤씨미디어,263720,출판,KOSDAQ
펄어비스,263750,게임엔터테인먼트,KOSDAQ
유에스티,263770,철강,KOSDAQ
데이타솔루션,263800,IT서비스,KOSDAQ
상신전자,263810,전자장비와기기,KOSDAQ
지니언스,263860,소프트웨어,KOSDAQ
휴엠앤씨,263920,포장재,KOSDAQ
유비쿼스,264450,통신장비,KOSDAQ
씨앤지하이테크,264660,반도체와반도체장비,KOSDAQ
이랜시스,264850,전자장비와기기,KOSDAQ
크라운제과,264900,식품,KOSPI
AP시스템,265520,디스플레이장비및부품,KOSDAQ
영화테크,265560,자동차부품,KOSDAQ
엔에프씨,265740,화장품,KOSDAQ
HD현대,267250,조선,KOSPI
HD현대일렉트릭,267260,전기장비,KOSPI
HD건설기계,267270,기계,KOSPI
경동도시가스,267290,가스유틸리티,KOSPI
나인테크,267320,전기제품,KOSDAQ
배럴,267790,"섬유,의류,신발,호화품",KOSDAQ
아시아나IDT,267850,IT서비스,KOSPI
매일유업,267980,식품,KOSDAQ
미원에스씨,268280,화학,KOSPI
시스웍,269620,전자장비와기기,KOSDAQ
앱튼,270520,에너지장비및서비스,KOSDAQ
에브리봇,270660,가정용기기와용품,KOSDAQ
뉴트리,270870,건강관리업체및서비스,KOSDAQ
오리온,271560,식품,KOSPI
팸텍,271830,핸드셋,KOSDAQ
일진하이솔루스,271940,자동차부품,KOSPI
제일약품,271980,제약,KOSPI
케이엔제이,272110,반도체와반도체장비,KOSDAQ
한화시스템,272210,우주항공과국방,KOSPI
이녹스첨단소재,272290,디스플레이장비및부품,KOSDAQ
진에어,272450,항공사,KOSPI
삼양패키징,272550,포장재,KOSPI
와이즈버즈,273060,광고,KOSDAQ
와이엠텍,273640,전기제품,KOSDAQ
켄코아에어로스페이스,274090,우주항공과국방,KOSDAQ
이노시뮬레이션,274400,소프트웨어,KOSDAQ
에스에스알,275630,소프트웨어,KOSDAQ
스코넥,276040,소프트웨어,KOSDAQ
한울앤제주,276730,음료,KOSDAQ
린드먼아시아,277070,창업투자,KOSDAQ
인산가,277410,식품,KOSDAQ
레인보우로보틱스,277810,기계,KOSDAQ
티에스아이,277880,전자장비와기기,KOSDAQ
천보,278280,전기제품,KOSDAQ
에이피알,278470,화장품,KOSPI
HLB바이오스텝,278650,생명과학도구및서비스,KOSDAQ
케이뱅크,279570,은행,KOSPI
미디어젠,279600,IT서비스,KOSDAQ
롯데웰푸드,280360,식품,KOSPI
레이크머티리얼즈,281740,화학,KOSDAQ
케이씨텍,281820,반도체와반도체장비,KOSPI
BGF리테일,282330,백화점과일반상점,KOSPI
금양그린파워,282720,에너지장비및서비스,KOSDAQ
코윈테크,282880,기계,KOSDAQ
카이노스메드,284620,제약,KOSDAQ
쿠쿠홈시스,284740,가정용기기와용품,KOSPI
SK케미칼,285130,화학,KOSPI
노바텍,285490,핸드셋,KOSDAQ
진영,285800,화학,KOSDAQ
나노실리칸첨단소재,286750,화학,KOSDAQ
롯데이노베이트,286940,IT서비스,KOSPI
인투셀,287840,제약,KOSDAQ
케이피항공산업,288180,우주항공과국방,KOSDAQ
파라택시스코리아,288330,제약,KOSDAQ
에스프리즘,288620,전기제품,KOSDAQ
모아데이타,288980,소프트웨어,KOSDAQ
아이스크림에듀,289010,교육서비스,KOSDAQ
SV인베스트먼트,289080,창업투자,KOSDAQ
자이언트스텝,289220,양방향미디어와서비스,KOSDAQ
웨이비스,289930,우주항공과국방,KOSDAQ
트윔,290090,소프트웨어,KOSDAQ
DH오토리드,290120,자동차부품,KOSDAQ
휴네시온,290270,소프트웨어,KOSDAQ
신도기연,290520,디스플레이장비및부품,KOSDAQ
디케이티,290550,핸드셋,KOSDAQ
파라택시스이더리움,290560,소프트웨어,KOSDAQ
엘앤씨바이오,290650,건강관리장비와용품,KOSDAQ
다이나믹솔루션,290660,건강관리장비와용품,KOSDAQ
대보마그네틱,290670,전자장비와기기,KOSDAQ
소룩스,290690,디스플레이장비및부품,KOSDAQ
푸드나무,290720,식품,KOSDAQ
액트로,290740,핸드셋,KOSDAQ
엔피,291230,광고,KOSDAQ
압타머사이언스,291650,생명과학도구및서비스,KOSDAQ
핀텔,291810,소프트웨어,KOSDAQ
하나제약,293480,제약,KOSPI
카카오게임즈,293490,게임엔터테인먼트,KOSDAQ
나우IB,293580,창업투자,KOSDAQ
압타바이오,293780,건강관리업체및서비스,KOSDAQ
신한알파리츠,293940,부동산,KOSPI
이오플로우,294090,건강관리장비와용품,KOSDAQ
레몬,294140,화학,KOSDAQ
쿠콘,294570,IT서비스,KOSDAQ
서남,294630,전기장비,KOSDAQ
IPARK현대산업개발,294870,건설,KOSPI
에이치브이엠,295310,비철금속,KOSDAQ
이노에이엑스,296640,소프트웨어,KOSDAQ
씨에스베어링,297090,기계,KOSDAQ
알로이스,297570,전자제품,KOSDAQ
HB솔루션,297890,디스플레이장비및부품,KOSDAQ
효성화학,298000,화학,KOSPI
효성티앤씨,298020,무역회사와판매업체,KOSPI
효성중공업,298040,전기장비,KOSPI
HS효성첨단소재,298050,화학,KOSPI
풍전약품,298060,생물공학,KOSDAQ
에이비엘바이오,298380,생물공학,KOSDAQ
더네이쳐홀딩스,298540,"섬유,의류,신발,호화품",KOSDAQ
에어부산,298690,항공사,KOSPI
슈어소프트테크,298830,소프트웨어,KOSDAQ
하나기술,299030,전자장비와기기,KOSDAQ
더블유에스아이,299170,제약,KOSDAQ
셀리드,299660,생물공학,KOSDAQ
위지윅스튜디오,299900,방송과엔터테인먼트,KOSDAQ
플리토,300080,양방향미디어와서비스,KOSDAQ
라온피플,300120,소프트웨어,KOSDAQ
한일시멘트,300720,건축자재,KOSPI
바이브컴퍼니,301300,소프트웨어,KOSDAQ
이노메트리,302430,전기제품,KOSDAQ
SK바이오사이언스,302440,제약,KOSPI
리메드,302550,건강관리장비와용품,KOSDAQ
지니틱스,303030,반도체와반도체장비,KOSDAQ
프로티아,303360,건강관리장비와용품,KOSDAQ
이노뎁,303530,IT서비스,KOSDAQ
동국생명과학,303810,건강관리장비와용품,KOSDAQ
솔트룩스,304100,IT서비스,KOSDAQ
에스바이오메딕스,304360,생물공학,KOSDAQ
피플바이오,304840,건강관리장비와용품,KOSDAQ
마이크로디지탈,305090,건강관리장비와용품,KOSDAQ
에스제이그룹,306040,"섬유,의류,신발,호화품",KOSDAQ
세아제강,306200,철강,KOSPI
지아이에스,306620,반도체와반도체장비,KOSDAQ
아이엘,307180,디스플레이장비및부품,KOSDAQ
원바이오젠,307280,건강관리장비와용품,KOSDAQ
국전,307750,제약,KOSDAQ
비투엔,307870,IT서비스,KOSDAQ
컴퍼니케이,307930,창업투자,KOSDAQ
현대오토에버,307950,IT서비스,KOSPI
바이젠셀,308080,제약,KOSDAQ
형지글로벌,308100,"섬유,의류,신발,호화품",KOSDAQ
씨티알모빌리티,308170,자동차부품,KOSPI
셀비온,308430,제약,KOSDAQ
아이티켐,309710,제약,KOSDAQ
조이웍스앤코,309930,가구,KOSDAQ
LB인베스트먼트,309960,창업투자,KOSDAQ
애니플러스,310200,방송과엔터테인먼트,KOSDAQ
보로노이,310210,제약,KOSDAQ
디와이씨,310870,자동차부품,KOSDAQ
지오엘리먼트,311320,반도체와반도체장비,KOSDAQ
네오크레마,311390,식품,KOSDAQ
CJ 바이오사이언스,311690,생명과학도구및서비스,KOSDAQ
에이에프더블류,312610,자동차부품,KOSDAQ
캐리,313760,전기제품,KOSDAQ
지놈앤컴퍼니,314130,제약,KOSDAQ
알피바이오,314140,제약,KOSDAQ
바이오다인,314930,건강관리장비와용품,KOSDAQ
딥노이드,315640,IT서비스,KOSDAQ
우리금융지주,316140,은행,KOSPI
라닉스,317120,통신장비,KOSDAQ
TS트릴리온,317240,가정용품,KOSDAQ
덕산테코피아,317330,반도체와반도체장비,KOSDAQ
자이에스앤디,317400,건설,KOSPI
명인제약,317450,제약,KOSPI
에피소드컴퍼니,317530,양방향미디어와서비스,KOSDAQ
퀀타매트릭스,317690,생명과학도구및서비스,KOSDAQ
엑스페릭스,317770,전자장비와기기,KOSDAQ
에스피시스템스,317830,기계,KOSDAQ
대모,317850,기계,KOSDAQ
엔바이오니아,317870,가정용기기와용품,KOSDAQ
KBG,318000,화학,KOSDAQ
팜스빌,318010,건강관리업체및서비스,KOSDAQ
포인트모바일,318020,전자장비와기기,KOSDAQ
그래피,318060,건강관리장비와용품,KOSDAQ
셀바이오휴먼텍,318160,화장품,KOSDAQ
비비씨,318410,가정용품,KOSDAQ
현대무벡스,319400,기계,KOSDAQ
피에스케이,319660,반도체와반도체장비,KOSDAQ
한울반도체,320000,전자장비와기기,KOSDAQ
프로이천,321260,디스플레이장비및부품,KOSDAQ
센서뷰,321370,통신장비,KOSDAQ
티움바이오,321550,제약,KOSDAQ
아티스트컴퍼니,321820,방송과엔터테인먼트,KOSDAQ
HD현대에너지솔루션,322000,에너지장비및서비스,KOSPI
LS티라유텍,322180,IT서비스,KOSDAQ
오로스테크놀로지,322310,반도체와반도체장비,KOSDAQ
제이엘케이,322510,건강관리기술,KOSDAQ
코퍼스코리아,322780,방송과엔터테인먼트,KOSDAQ
태성,323280,전자장비와기기,KOSDAQ
다원넥스뷰,323350,반도체와반도체장비,KOSDAQ
카카오뱅크,323410,은행,KOSPI
박셀바이오,323990,제약,KOSDAQ
SK바이오팜,326030,제약,KOSPI
RF머트리얼즈,327260,우주항공과국방,KOSDAQ
루닛,328130,건강관리기술,KOSDAQ
솔트웨어,328380,IT서비스,KOSDAQ
HD현대중공업,329180,조선,KOSPI
위더스제약,330350,제약,KOSDAQ
롯데리츠,330590,부동산,KOSPI
스톤브릿지벤처스,330730,창업투자,KOSDAQ
네패스아크,330860,반도체와반도체장비,KOSDAQ
포커스에이아이,331380,전자장비와기기,KOSDAQ
밸로프,331520,게임엔터테인먼트,KOSDAQ
아우토크립트,331740,자동차부품,KOSDAQ
셀레믹스,331920,생물공학,KOSDAQ
누보,332290,화학,KOSDAQ
아이디피,332370,컴퓨터와주변기기,KOSDAQ
PS일렉트로닉스,332570,핸드셋,KOSDAQ
이노테나,333050,IT서비스,KOSDAQ
일승,333430,조선,KOSDAQ
엔시스,333620,전자장비와기기,KOSDAQ
이지스밸류플러스리츠,334890,부동산,KOSPI
프레스티지바이오로직스,334970,제약,KOSDAQ
프리시젼바이오,335810,생명과학도구및서비스,KOSDAQ
윙스풋,335870,"섬유,의류,신발,호화품",KOSDAQ
웨이버스,336060,IT서비스,KOSDAQ
두산퓨얼셀,336260,에너지장비및서비스,KOSPI
솔루스첨단소재,336370,전자장비와기기,KOSPI
원텍,336570,건강관리장비와용품,KOSDAQ
탑런토탈솔루션,336680,자동차부품,KOSDAQ
젝시믹스,337930,"섬유,의류,신발,호화품",KOSDAQ
NH프라임리츠,338100,부동산,KOSPI
뷰노,338220,건강관리기술,KOSDAQ
와이바이오로직스,338840,생물공학,KOSDAQ
교촌에프앤비,339770,식품,KOSPI
아이비김영,339950,교육서비스,KOSDAQ
다보링크,340360,통신장비,KOSDAQ
세림B&G,340440,포장재,KOSDAQ
지씨지놈,340450,생명과학도구및서비스,KOSDAQ
티앤엘,340570,건강관리장비와용품,KOSDAQ
시선AI,340810,소프트웨어,KOSDAQ
유일에너테크,340930,전자장비와기기,KOSDAQ
오아,342870,가정용기기와용품,KOSDAQ
KCC글라스,344820,건축자재,KOSPI
이노진,344860,화장품,KOSDAQ
센코,347000,전자장비와기기,KOSDAQ
스피어,347700,우주항공과국방,KOSDAQ
피엔케이피부임상연구센타,347740,생명과학도구및서비스,KOSDAQ
핌스,347770,디스플레이장비및부품,KOSDAQ
디앤디파마텍,347850,생물공학,KOSDAQ
알체라,347860,소프트웨어,KOSDAQ
엠엑스온,347890,전자장비와기기,KOSDAQ
모비릭스,348030,게임엔터테인먼트,KOSDAQ
큐라티스,348080,생물공학,KOSDAQ
고바이오랩,348150,건강관리업체및서비스,KOSDAQ
넥스틴,348210,반도체와반도체장비,KOSDAQ
뉴로메카,348340,기계,KOSDAQ
위드텍,348350,반도체와반도체장비,KOSDAQ
엔켐,348370,전기제품,KOSDAQ
제이알글로벌리츠,348950,부동산,KOSPI
이지스레지던스리츠,350520,부동산,KOSPI
넥사다이내믹스,351320,디스플레이장비및부품,KOSDAQ
이삭엔지니어링,351330,IT서비스,KOSDAQ
차이커뮤니케이션,351870,광고,KOSDAQ
스톰테크,352090,가정용기기와용품,KOSDAQ
씨앤씨인터내셔널,352480,화장품,KOSDAQ
씨앤투스,352700,"섬유,의류,신발,호화품",KOSDAQ
셀레스트라,352770,생물공학,KOSDAQ
하이브,352820,방송과엔터테인먼트,KOSPI
오비고,352910,소프트웨어,KOSDAQ
인바이오,352940,화학,KOSDAQ
휴럼,353190,건강관리업체및서비스,KOSDAQ
대덕전자,353200,전자장비와기기,KOSPI
오토앤,353590,자동차부품,KOSDAQ
이지바이오,353810,식품,KOSDAQ
엔젠바이오,354200,생명과학도구및서비스,KOSDAQ
알멕,354320,자동차부품,KOSDAQ
코스텍시스,355150,반도체와반도체장비,KOSDAQ
크라우드웍스,355390,IT서비스,KOSDAQ
에이텀,355690,전자장비와기기,KOSDAQ
엑스게이트,356680,소프트웨어,KOSDAQ
티엘비,356860,반도체와반도체장비,KOSDAQ
싸이버원,356890,IT서비스,KOSDAQ
코람코라이프인프라리츠,357120,부동산,KOSPI
에이치피오,357230,건강관리업체및서비스,KOSDAQ
미래에셋맵스리츠,357250,부동산,KOSPI
마스턴프리미어리츠,357430,부동산,KOSPI
석경에이티,357550,화학,KOSDAQ
아모센스,357580,핸드셋,KOSDAQ
솔브레인,357780,반도체와반도체장비,KOSDAQ
SKAI,357880,IT서비스,KOSDAQ
지아이이노베이션,358570,생물공학,KOSDAQ
씨엔알리서치,359090,제약,KOSDAQ
탑머티리얼,360070,전자장비와기기,KOSDAQ
코셈,360350,전자장비와기기,KOSDAQ
제노코,361390,우주항공과국방,KOSDAQ
알비더블유,361570,방송과엔터테인먼트,KOSDAQ
SK아이이테크놀로지,361610,전기제품,KOSPI
삼영에스앤씨,361670,전자장비와기기,KOSDAQ
청담글로벌,362320,인터넷과카탈로그소매,KOSDAQ
드림인사이트,362990,광고,KOSDAQ
진시스템,363250,건강관리장비와용품,KOSDAQ
모비데이즈,363260,광고,KOSDAQ
티와이홀딩스,363280,"호텔,레스토랑,레저",KOSPI
에이아이코리아,364950,전자장비와기기,KOSDAQ
큐라클,365270,제약,KOSDAQ
에스와이스틸텍,365330,건축자재,KOSDAQ
성일하이텍,365340,전기제품,KOSDAQ
ESR켄달스퀘어리츠,365550,부동산,KOSPI
하이딥,365590,반도체와반도체장비,KOSDAQ
브이씨,365900,레저용장비와제품,KOSDAQ
공구우먼,366030,"섬유,의류,신발,호화품",KOSDAQ
플래티어,367000,IT서비스,KOSDAQ
아이씨에이치,368600,전자장비와기기,KOSDAQ
파이버프로,368770,전자장비와기기,KOSDAQ
오에스피,368970,식품,KOSDAQ
블리츠웨이엔터테인먼트,369370,방송과엔터테인먼트,KOSDAQ
퓨런티어,370090,전자장비와기기,KOSDAQ
풍원정밀,371950,디스플레이장비및부품,KOSDAQ
윤성에프앤씨,372170,전자장비와기기,KOSDAQ
큐로셀,372320,생물공학,KOSDAQ
아이티아이즈,372800,IT서비스,KOSDAQ
한컴라이프케어,372910,건강관리장비와용품,KOSPI
엑셀세라퓨틱스,373110,생물공학,KOSDAQ
데이원컴퍼니,373160,교육서비스,KOSDAQ
엠아이큐브솔루션,373170,IT서비스,KOSDAQ
엑스플러스,373200,핸드셋,KOSDAQ
LG에너지솔루션,373220,전기제품,KOSPI
DL이앤씨,375500,건설,KOSPI
DL이앤씨2우(전환),37550L,건설,KOSPI
피코그램,376180,가정용기기와용품,KOSDAQ
HEM파마,376270,건강관리업체및서비스,KOSDAQ
씨유테크,376290,핸드셋,KOSDAQ
디어유,376300,양방향미디어와서비스,KOSDAQ
로킷헬스케어,376900,건강관리장비와용품,KOSDAQ
노을,376930,건강관리장비와용품,KOSDAQ
원티드랩,376980,상업서비스와공급품,KOSDAQ
비트맥스,377030,IT서비스,KOSDAQ
디앤디플랫폼리츠,377190,부동산,KOSPI
프롬바이오,377220,건강관리업체및서비스,KOSDAQ
카카오페이,377300,IT서비스,KOSPI
이지트로닉스,377330,전기제품,KOSDAQ
리파인,377450,상업서비스와공급품,KOSDAQ
큐에이드,377460,상업서비스와공급품,KOSDAQ
마음AI,377480,IT서비스,KOSDAQ
바이오노트,377740,건강관리장비와용품,KOSPI
필에너지,378340,전기제품,KOSDAQ
샤페론,378800,제약,KOSDAQ
화승알앤에이,378850,자동차부품,KOSPI
옵티코어,380540,통신장비,KOSDAQ
뉴로핏,380550,건강관리기술,KOSDAQ
제닉스로보틱스,381620,기계,KOSDAQ
케이카,381970,자동차,KOSPI
온코크로스,382150,생명과학도구및서비스,KOSDAQ
지아이텍,382480,전기제품,KOSDAQ
지앤비에스 에코,382800,반도체와반도체장비,KOSDAQ
원준,382840,전기제품,KOSDAQ
범한퓨얼셀,382900,전기제품,KOSDAQ
F&F,383220,"섬유,의류,신발,호화품",KOSPI
에코프로에이치엔,383310,상업서비스와공급품,KOSDAQ
LX홀딩스,383800,무역회사와판매업체,KOSPI
디티앤씨알오,383930,생명과학도구및서비스,KOSDAQ
코어라인소프트,384470,건강관리기술,KOSDAQ
파인메딕스,387570,건강관리장비와용품,KOSDAQ
지투파워,388050,전기장비,KOSDAQ
씨엠티엑스,388210,반도체와반도체장비,KOSDAQ
지에프씨생명과학,388610,생물공학,KOSDAQ
유일로보틱스,388720,기계,KOSDAQ
라이콤,388790,통신장비,KOSDAQ
파로스아이바이오,388870,생물공학,KOSDAQ
자람테크놀로지,389020,통신장비,KOSDAQ
지니너스,389030,생물공학,KOSDAQ
포바이포,389140,방송과엔터테인먼트,KOSDAQ
대명에너지,389260,에너지장비및서비스,KOSDAQ
인벤티지랩,389470,제약,KOSDAQ
에스비비테크,389500,기계,KOSDAQ
넥스트바이오메디컬,389650,건강관리장비와용품,KOSDAQ
유디엠텍,389680,IT서비스,KOSDAQ
코닉오토메이션,391710,IT서비스,KOSDAQ
토마토시스템,393210,IT서비스,KOSDAQ
더블유씨피,393890,전기제품,KOSDAQ
대진첨단소재,393970,전기제품,KOSDAQ
오픈엣지테크놀로지,394280,반도체와반도체장비,KOSDAQ
리센스메디컬,394420,건강관리장비와용품,KOSDAQ
쓰리빌리언,394800,건강관리기술,KOSDAQ
SK리츠,395400,부동산,KOSPI
넥스트칩,396270,반도체와반도체장비,KOSDAQ
세아메카닉스,396300,전자장비와기기,KOSDAQ
워트,396470,반도체와반도체장비,KOSDAQ
미래에셋글로벌리츠,396690,부동산,KOSPI
에이프릴바이오,397030,제약,KOSDAQ
애드포러스,397810,광고,KOSDAQ
에스지헬스케어,398120,건강관리장비와용품,KOSDAQ
가온칩스,399720,반도체와반도체장비,KOSDAQ
NH올원리츠,400760,부동산,KOSPI
코난테크놀로지,402030,소프트웨어,KOSDAQ
SK스퀘어,402340,반도체와반도체장비,KOSPI
그린리소스,402490,반도체와반도체장비,KOSDAQ
우듬지팜,403490,식품,KOSDAQ
쏘카,403550,도로와철도운송,KOSPI
더핑크퐁컴퍼니,403850,방송과엔터테인먼트,KOSDAQ
HPSP,403870,반도체와반도체장비,KOSDAQ
신한서부티엔디리츠,404990,부동산,KOSPI
플라즈맵,405000,건강관리장비와용품,KOSDAQ
큐알티,405100,반도체와반도체장비,KOSDAQ
나라셀라,405920,음료,KOSDAQ
뷰티스킨,406820,화장품,KOSDAQ
꿈비,407400,가정용기기와용품,KOSDAQ
한패스,408470,IT서비스,KOSDAQ
스튜디오미르,408900,방송과엔터테인먼트,KOSDAQ
메쎄이상,408920,양방향미디어와서비스,KOSDAQ
샌즈랩,411080,소프트웨어,KOSDAQ
레이저쎌,412350,반도체와반도체장비,KOSDAQ
제일엠앤에스,412540,전기제품,KOSDAQ
엠오티,413390,전기제품,KOSDAQ
씨피시스템,413630,기계,KOSDAQ
비아이매트릭스,413640,IT서비스,KOSDAQ
스튜디오삼익,415380,가구,KOSDAQ
KB발해인프라,415640,운송인프라,KOSPI
신성에스티,416180,전기제품,KOSDAQ
나노팀,417010,전자장비와기기,KOSDAQ
핑거스토리,417180,양방향미디어와서비스,KOSDAQ
LS머트리얼즈,417200,전기제품,KOSDAQ
코람코더원리츠,417310,부동산,KOSPI
제이아이테크,417500,반도체와반도체장비,KOSDAQ
트루엔,417790,전자장비와기기,KOSDAQ
저스템,417840,반도체와반도체장비,KOSDAQ
오브젠,417860,소프트웨어,KOSDAQ
모델솔루션,417970,기계,KOSDAQ
시큐레터,418250,소프트웨어,KOSDAQ
라온텍,418420,반도체와반도체장비,KOSDAQ
KT밀리의서재,418470,출판,KOSDAQ
제이오,418550,건설,KOSDAQ
E8,418620,소프트웨어,KOSDAQ
삼기에너지솔루션즈,419050,자동차부품,KOSDAQ
엔젯,419080,디스플레이장비및부품,KOSDAQ
산돌,419120,소프트웨어,KOSDAQ
SAMG엔터,419530,방송과엔터테인먼트,KOSDAQ
비스토스,419540,건강관리장비와용품,KOSDAQ
제이투케이바이오,420570,화장품,KOSDAQ
기가비스,420770,반도체와반도체장비,KOSDAQ
벨로크,424760,IT서비스,KOSDAQ
이뮨온시아,424870,제약,KOSDAQ
스마트레이더시스템,424960,자동차부품,KOSDAQ
마이크로투나노,424980,반도체와반도체장비,KOSDAQ
티이엠씨,425040,반도체와반도체장비,KOSDAQ
티에프이,425420,반도체와반도체장비,KOSDAQ
시지트로닉스,429270,반도체와반도체장비,KOSDAQ
한싹,430690,소프트웨어,KOSDAQ
케이쓰리아이,431190,IT서비스,KOSDAQ
KB스타리츠,432320,부동산,KOSPI
와이랩,432430,출판,KOSDAQ
케이엔에스,432470,전기제품,KOSDAQ
퀄리타스반도체,432720,반도체와반도체장비,KOSDAQ
엠에프씨,432980,제약,KOSDAQ
모니터랩,434480,소프트웨어,KOSDAQ
에르코스,435570,식품,KOSDAQ
삼현,437730,자동차부품,KOSDAQ
버넥트,438700,소프트웨어,KOSDAQ
마녀공장,439090,화장품,KOSDAQ
대한조선,439260,조선,KOSPI
블루엠텍,439580,건강관리업체및서비스,KOSDAQ
코스모로보틱스,439960,기계,KOSDAQ
파두,440110,반도체와반도체장비,KOSDAQ
HB인베스트먼트,440290,창업투자,KOSDAQ
오픈놀,440320,디스플레이패널,KOSDAQ
파인엠텍,441270,핸드셋,KOSDAQ
HD현대마린솔루션,443060,조선,KOSPI
레뷰코퍼레이션,443250,양방향미디어와서비스,KOSDAQ
에스피소프트,443670,IT서비스,KOSDAQ
심플랫폼,444530,IT서비스,KOSDAQ
에이직랜드,445090,반도체와반도체장비,KOSDAQ
퓨릿,445180,반도체와반도체장비,KOSDAQ
큐리옥스바이오시스템즈,445680,생명과학도구및서비스,KOSDAQ
유니드비티플러스,446070,건축자재,KOSPI
메가터치,446540,전자장비와기기,KOSDAQ
지슨,446840,소프트웨어,KOSDAQ
에코아이,448280,상업서비스와공급품,KOSDAQ
코츠테크놀로지,448710,우주항공과국방,KOSDAQ
삼성FN리츠,448730,부동산,KOSPI
한국피아이엠,448900,자동차부품,KOSDAQ
에코프로머티,450080,전기제품,KOSPI
하스,450330,건강관리장비와용품,KOSDAQ
인스웨이브,450520,소프트웨어,KOSDAQ
아스테라시스,450950,건강관리장비와용품,KOSDAQ
아이엠티,451220,반도체와반도체장비,KOSDAQ
삐아,451250,화장품,KOSDAQ
컨텍,451760,우주항공과국방,KOSDAQ
한화리츠,451800,부동산,KOSPI
제이엔비,452160,반도체와반도체장비,KOSDAQ
한빛레이저,452190,전기제품,KOSDAQ
민테크,452200,전기제품,KOSDAQ
한화갤러리아,452260,백화점과일반상점,KOSPI
한선엔지니어링,452280,기계,KOSDAQ
캡스톤파트너스,452300,창업투자,KOSDAQ
이닉스,452400,전기제품,KOSDAQ
사피엔반도체,452430,반도체와반도체장비,KOSDAQ
피아이이,452450,IT서비스,KOSDAQ
현대그린푸드,453340,식품,KOSPI
그리드위즈,453450,전기유틸리티,KOSDAQ
에이에스텍,453860,화장품,KOSDAQ
두산로보틱스,454910,기계,KOSPI
케이지에이,455180,전자장비와기기,KOSDAQ
엔젤로보틱스,455900,건강관리장비와용품,KOSDAQ
아이씨티케이,456010,통신장비,KOSDAQ
OCI,456040,화학,KOSPI
이엔셀,456070,제약,KOSDAQ
지투지바이오,456160,제약,KOSDAQ
이수스페셜티케미컬,457190,화학,KOSPI
한켐,457370,디스플레이장비및부품,KOSDAQ
우진엔텍,457550,에너지장비및서비스,KOSDAQ
벡트,457600,교육서비스,KOSDAQ
에스팀,458350,광고,KOSDAQ
성우,458650,전기제품,KOSDAQ
씨어스,458870,건강관리기술,KOSDAQ
위츠,459100,핸드셋,KOSDAQ
나우로보틱스,459510,기계,KOSDAQ
알트,459550,핸드셋,KOSDAQ
아이빔테크놀로지,460470,생명과학도구및서비스,KOSDAQ
동국씨엠,460850,철강,KOSPI
동국제강,460860,철강,KOSPI
에스엠씨지,460870,포장재,KOSDAQ
현대힘스,460930,조선,KOSDAQ
피앤에스로보틱스,460940,건강관리장비와용품,KOSDAQ
아이엠비디엑스,461030,생명과학도구및서비스,KOSDAQ
아이스크림미디어,461300,교육서비스,KOSDAQ
뉴키즈온,462310,"섬유,의류,신발,호화품",KOSDAQ
이노스페이스,462350,우주항공과국방,KOSDAQ
라메디텍,462510,건강관리장비와용품,KOSDAQ
조선내화,462520,비철금속,KOSPI
더즌,462860,IT서비스,KOSDAQ
시프트업,462870,게임엔터테인먼트,KOSPI
아이지넷,462980,IT서비스,KOSDAQ
뉴엔AI,463020,IT서비스,KOSDAQ
모티브링크,463480,자동차부품,KOSDAQ
에스오에스랩,464080,전자장비와기기,KOSDAQ
티디에스팜,464280,제약,KOSDAQ
쿼드메디슨,464490,생물공학,KOSDAQ
아이언디바이스,464500,반도체와반도체장비,KOSDAQ
닷밀,464580,방송과엔터테인먼트,KOSDAQ
인스피언,465480,IT서비스,KOSDAQ
STX그린로지스,465770,해운사,KOSPI
클로봇,466100,기계,KOSDAQ
사이냅소프트,466410,소프트웨어,KOSDAQ
프로티나,468530,생물공학,KOSDAQ
이노테크,469610,디스플레이장비및부품,KOSDAQ
아이비젼웍스,469750,전기제품,KOSDAQ
셀로맥스사이언스,471820,제약,KOSDAQ
폰드그룹,472850,"섬유,의류,신발,호화품",KOSDAQ
노머스,473980,방송과엔터테인먼트,KOSDAQ
루미르,474170,우주항공과국방,KOSDAQ
RF시스템즈,474610,우주항공과국방,KOSDAQ
링크솔루션,474650,기계,KOSDAQ
SK이터닉스,475150,에너지장비및서비스,KOSPI
엔알비,475230,건설,KOSDAQ
씨메스로보틱스,475400,기계,KOSDAQ
키스트론,475430,전기장비,KOSDAQ
미트박스,475460,인터넷과카탈로그소매,KOSDAQ
더본코리아,475560,"호텔,레스토랑,레저",KOSPI
에이럭스,475580,교육서비스,KOSDAQ
에스켐,475660,디스플레이장비및부품,KOSDAQ
오름테라퓨틱,475830,제약,KOSDAQ
토모큐브,475960,생명과학도구및서비스,KOSDAQ
오가노이드사이언스,476040,생물공학,KOSDAQ
온코닉테라퓨틱스,476060,제약,KOSDAQ
M83,476080,방송과엔터테인먼트,KOSDAQ
알지노믹스,476830,생물공학,KOSDAQ
마키나락스,477850,소프트웨어,KOSDAQ
나라스페이스테크놀로지,478340,우주항공과국방,KOSDAQ
블랙야크아이앤씨,478560,"섬유,의류,신발,호화품",KOSDAQ
위너스일렉,479960,전기장비,KOSDAQ
씨케이솔루션,480370,기계,KOSPI
에이유브랜즈,481070,"섬유,의류,신발,호화품",KOSDAQ
신한글로벌액티브리츠,481850,부동산,KOSPI
삼양엔씨켐,482630,반도체와반도체장비,KOSDAQ
달바글로벌,483650,화장품,KOSPI
도우인시스,484120,디스플레이장비및부품,KOSDAQ
삼양컴텍,484590,우주항공과국방,KOSDAQ
티엑스알로보틱스,484810,기계,KOSDAQ
엠앤씨솔루션,484870,우주항공과국방,KOSPI
노타,486990,IT서비스,KOSDAQ
HS효성,487570,복합기업,KOSPI
폴레드,487580,가정용기기와용품,KOSDAQ
에스투더블유,488280,IT서비스,KOSDAQ
비츠로넥스텍,488900,우주항공과국방,KOSDAQ
바이오비쥬,489460,화장품,KOSDAQ
엘케이켐,489500,반도체와반도체장비,KOSDAQ
한화비전,489790,통신장비,KOSPI
세미파이브,490470,반도체와반도체장비,KOSDAQ
리브스메드,491000,건강관리장비와용품,KOSDAQ
아이엠바이오로직스,493280,제약,KOSDAQ
지에프아이,493330,전자장비와기기,KOSDAQ
큐리오시스,494120,생명과학도구및서비스,KOSDAQ
GS피앤엘,499790,"호텔,레스토랑,레저",KOSPI
글로벌에스엠,900070,자동차부품,KOSDAQ
파이온엑스,900100,"섬유,의류,신발,호화품",KOSDAQ
딥커머스,900110,"섬유,의류,신발,호화품",KOSDAQ
씨엑스아이,900120,제약,KOSDAQ
엘브이엠씨홀딩스,900140,자동차,KOSPI
크리스탈신소재,900250,비철금속,KOSDAQ
로스웰,900260,통신장비,KOSDAQ
헝셩그룹,900270,레저용장비와제품,KOSDAQ
GRT,900290,화학,KOSDAQ
오가닉티코스메틱,900300,화장품,KOSDAQ
컬러레이,900310,화장품,KOSDAQ
윙입푸드,900340,식품,KOSDAQ
엑세스바이오,950130,생명과학도구및서비스,KOSDAQ
잉글우드랩,950140,화장품,KOSDAQ
코오롱티슈진,950160,생물공학,KOSDAQ
JTC,950170,백화점과일반상점,KOSDAQ
고스트스튜디오,950190,게임엔터테인먼트,KOSDAQ
소마젠,950200,생명과학도구및서비스,KOSDAQ
프레스티지바이오파마,950210,제약,KOSPI
네오이뮨텍,950220,제약,KOSDAQ
테라뷰,950250,반도체와반도체장비,KOSDAQ
